"Reference","Value","Footprint","DNP","LCSC Part #","Mfr. Part #","Description"
"C1,C2,C19,C130,C167,C171","1uF","Capacitor_SMD:C_0402_1005Metric","","C3889771","0402X105M160CT","16V 1uF X5R ±20% 0402 Multilayer Ceramic Capacitors MLCC - SMD/SMT ROHS"
"C3,C7","10nF","Capacitor_SMD:C_0603_1608Metric","","C6119837","CGA0603X7R103K101JT","±10% X7R 10nF 100V 0603"
"C4","10uF, 100V","Capacitor_SMD:C_1206_3216Metric","","C6872041","C3216X6S2A106K160AC","100V 10uF X6S ±10% 1206 Multilayer Ceramic Capacitors MLCC - SMD/SMT ROHS"
"C5,C6","4.7uF","Capacitor_SMD:C_1206_3216Metric","","C2997285","GRM31CZ72A475KE11L","100V 4.7uF X7R ±10% 1206 Multilayer Ceramic Capacitors MLCC - SMD/SMT ROHS"
"C8","22pF","Capacitor_SMD:C_0402_1005Metric","","C2175872","CC0402JRNPO7BN220","16V 22pF NP0 ±5% 0402 Multilayer Ceramic Capacitors MLCC - SMD/SMT ROHS"
"C9","4.7nF","Capacitor_SMD:C_0402_1005Metric","","C1852867","CC0402KRX7R6BB472","10V 4.7nF X7R ±10% 0402 Multilayer Ceramic Capacitors MLCC - SMD/SMT ROHS"
"C10,C16,C18,C27,C28,C31,C33,C34,C35,C36,C37,C55,C58,C59,C60,C61,C63,C64,C65,C67,C68,C70,C71,C76,C77,C84,C95,C99,C100,C107,C118,C122,C123,C124,C129,C131,C132,C133,C134,C135,C136,C137,C138,C144,C148,C152,C154,C164,C169,C172,C173,C174,C202,C204,C237,C240,C258,C259,C260,C268,C270,C276,C283,C286,C288,C309,C318,C319,C320,C321,C323,C324,C342,C352,C353,C356,C357,C358,C359,C360,C361,C362,C363,C364","100nF","Capacitor_SMD:C_0402_1005Metric","","C152814","0402B104K500CT","50V 100nF X7R ±10% 0402 Multilayer Ceramic Capacitors MLCC - SMD/SMT ROHS"
"C11,C38,C39,C40,C50,C51,C126,C150,C151","10nF","Capacitor_SMD:C_0402_1005Metric","","C301927","0402B103K500CT","50V 10nF X7R ±10% 0402 Multilayer Ceramic Capacitors MLCC - SMD/SMT ROHS"
"C12,C13,C14,C15,C21,C22,C23,C24,C25,C26","10uF","Capacitor_SMD:C_1206_3216Metric","","C531431","CGA5L1X7R1H106KT0Y0N","50V 10uF X7R ±10% 1206 Multilayer Ceramic Capacitors MLCC - SMD/SMT ROHS"
"C17","33uF","RASBB:EEE0JA152UAP","","C178581","EEE-FP1V330AP","Aluminum Electrolytic Capacitors - SMD 33UF 35V ELECT FP SMD"
"C20,C69,C72,C206,C208,C210,C211,C212,C213,C214,C215,C216,C217,C223,C227,C228,C246,C247,C249,C250,C266,C267,C290,C292,C294,C295,C296,C297,C298,C299,C300,C301,C307,C311,C312,C330,C331,C333,C334,C350,C351","4.7uF","Capacitor_SMD:C_0402_1005Metric","","C77004","GRM155R61A475KEAAD ","10V 4.7uF X5R ±10% 0402 Multilayer Ceramic Capacitors MLCC - SMD/SMT ROHS"
"C29,C98,C115,C121,C127,C128,C175,C186,C279,C365,C366","4.7uF","Capacitor_SMD:C_0603_1608Metric","","C7281848","GMK107BBJ475KA-T","35V 4.7uF X5R ±10% 0603 Multilayer Ceramic Capacitors MLCC - SMD/SMT ROHS"
"C30,C32,C75,C89,C92,C112,C153,C182,C185,C189,C190,C191,C193,C194,C196,C197,C200,C201,C203,C205,C207,C209,C222,C224,C225,C229,C230,C231,C232,C233,C234,C235,C236,C238,C239,C241,C242,C243,C244,C245,C251,C252,C253,C254,C255,C257,C261,C262,C263,C264,C265,C269,C273,C274,C275,C277,C278,C280,C281,C284,C285,C287,C289,C291,C293,C306,C308,C313,C314,C315,C316,C326,C327,C328,C329,C335,C336,C337,C338,C346,C347,C348,C349","470nF","Capacitor_SMD:C_0402_1005Metric","","C471404","GRM155R71C474KE01D","16V 470nF X7R ±10% 0402 Multilayer Ceramic Capacitors MLCC - SMD/SMT ROHS"
"C41","10pF","Capacitor_SMD:C_0402_1005Metric","","C2182752","C0402C100J4GAC7867","16V 10pF C0G ±5% 0402 Multilayer Ceramic Capacitors MLCC - SMD/SMT ROHS"
"C42,C46,C49,C52,C62,C170,C184,C187,C188,C192,C221,C305","47uF","Capacitor_SMD:C_0805_2012Metric","","C124129","GRM21BR61A476ME15L","10V 47uF X5R ±20% 0805 Multilayer Ceramic Capacitors MLCC - SMD/SMT ROHS"
"C43","5.1pF","Capacitor_SMD:C_0402_1005Metric","","C3855079","GRM1555C1E5R1CA01D","25V 5.1pF C0G 0402 Multilayer Ceramic Capacitors MLCC - SMD/SMT ROHS"
"C44,C45,C47,C48,C53,C54,C56,C57,C125,C256","22uF","Capacitor_SMD:C_0603_1608Metric","","C6776252","0603YD226MAT2A","16V 22uF X5R ±20% 0603 Multilayer Ceramic Capacitors MLCC - SMD/SMT ROHS"
"C66","470pF","Capacitor_SMD:C_0402_1005Metric","","C526993","CC0402JRNPO7BN471","16V 470pF NP0 ±5% 0402 Multilayer Ceramic Capacitors MLCC - SMD/SMT ROHS"
"C73","100nF","Capacitor_SMD:C_2220_5750Metric","","C5290327","FV55X104K202EGG","2kV 100nF X7R ±10% 2220 Multilayer Ceramic Capacitors MLCC - SMD/SMT ROHS"
"C74,C183,C322,J14,SW1,SW2,TP1,TP2,TP3,TP4,TP5,TP6,TP7,TP8,TP9,TP10,TP11,TP12,TP13,TP14,TP15,TP16,TP17,TP18,TP19,TP20,TP21,TP22,TP23,TP24,TP25","125M,1nF,435451019820,SYNC_40MHZ,TestPoint","Capacitor_SMD:C_1206_3216Metric,RASBB:435451019820,RASBB:J_Wurth_WR-UMRF_636101112001,TestPoint:TestPoint_Pad_D1.0mm","DNP","","435451019820,636101112001","CAP, CER, 1nF, 2kV, 10%, X7R, 1210,PCB Receptacle with 3 Pads,SMT Washable Tact Switch 4.1 x 2.8 mm,test point"
"C78,C79,C80,C81,C82,C83,C85,C86,C87,C88,C90,C91,C93,C94,C96,C97,C101,C102,C103,C104,C105,C106,C108,C109,C110,C111,C113,C114,C116,C117,C119,C120,C162,C317,C339","47nF","Capacitor_SMD:C_0402_1005Metric","","C2178375","C0402C473J8RAC7867","10V 47nF X7R ±5% 0402 Multilayer Ceramic Capacitors MLCC - SMD/SMT ROHS"
"C139,C140,C145,C149","20p","Capacitor_SMD:C_0402_1005Metric","","C123468","0402N200J500CT","50V 20pF NP0 ±5% 0402 Multilayer Ceramic Capacitors MLCC - SMD/SMT ROHS"
"C141,C143","2.2uF","Capacitor_SMD:C_0402_1005Metric","","C3905586","0402X225M160CT","16V 2.2uF X5R ±20% 0402 Multilayer Ceramic Capacitors MLCC - SMD/SMT ROHS"
"C142,C146,C147","10uF","Capacitor_SMD:C_0402_1005Metric","","C2992625","0402X106M100CT","10V 10uF X5R ±20% 0402 Multilayer Ceramic Capacitors MLCC - SMD/SMT ROHS"
"C155","0.8pF","Capacitor_SMD:C_0402_1005Metric","","C396870","RF15N0R8B500CT","50V 0.8pF NP0 0402 Multilayer Ceramic Capacitors MLCC - SMD/SMT ROHS"
"C156,C158","1.2pF","Capacitor_SMD:C_0402_1005Metric","","C301969","0402N1R2C500CT","50V 1.2pF NP0 0402 Multilayer Ceramic Capacitors MLCC - SMD/SMT ROHS"
"C157","0.5pF","Capacitor_SMD:C_0402_1005Metric","","C2918554","RT15N0R5B500CT","50V 0.5pF NP0 0402 Multilayer Ceramic Capacitors MLCC - SMD/SMT ROHS"
"C159,C163","100pF","Capacitor_SMD:C_0402_1005Metric","","C387967","0402N101G500CT","50V 100pF NP0 ±2% 0402 Multilayer Ceramic Capacitors MLCC - SMD/SMT ROHS"
"C160,C161,C166","10uF","Capacitor_SMD:C_0603_1608Metric","","C4555498","0603X106M250CT ","25V 10uF X5R ±20% 0603 Multilayer Ceramic Capacitors MLCC - SMD/SMT ROHS"
"C165","UUD1A221MCL1GS","RASBB:CAPAE660X800N","","C445275","UUD1A221MCL1GS","220uF 10V 280mA@100kHz 340mΩ@100kHz ±20% SMD,D6.3xL7.7mm Aluminum Electrolytic Capacitors - SMD ROHS"
"C168,C176","10p","Capacitor_SMD:C_0402_1005Metric","","C301961","0402N100J500CT","10pF 50V C0G/NP0 ±5% 0402 Multilayer Ceramic Capacitors MLCC - SMD/SMT ROHS"
"C177,C178,C179,C180","10p/50V","Capacitor_SMD:C_0603_1608Metric","","C152928","0603N100J500CT","10pF 50V C0G/NP0 ±5% 0603Multilayer Ceramic Capacitors MLCC - SMD/SMT ROHS"
"C181","1nF","Capacitor_SMD:C_1206_3216Metric","","C303946","1206B102K202CT","2kV 1nF X7R ±10% 1206 Multilayer Ceramic Capacitors MLCC - SMD/SMT ROHS"
"C195,C198,C199,C218,C219,C220,C226,C248,C282,C302,C303,C304,C310,C332","100uF","Capacitor_SMD:C_1206_3216Metric","","C883598","GRM31CR61A107MEA8L","10V 100uF X5R ±20% 1206 Multilayer Ceramic Capacitors MLCC - SMD/SMT ROHS"
"C271,C272","2200pF","Capacitor_SMD:C_0402_1005Metric","","C1531","0402B222K500NT","Cap, MLCC, 2200pF, 50V, X7R, 0402, ±5%"
"C354,C355","2.2uF","Capacitor_SMD:C_0805_2012Metric","","C2918681","0805B225K500CT","50V 2.2uF X7R ±10% 0805 Multilayer Ceramic Capacitors MLCC - SMD/SMT ROHS"
"D1","SDT5A60SA-13","RASBB:SDT5A60SA13","","C3024223","SDT5A60SA-13 ","Diode 60 V 5A Surface Mount SMA"
"D2,D3","VSSAF5L45HM3_A_H","RASBB:SODFL5226X100N","","C6000165","VSSAF5L45HM3_A/H","Schottky Diodes & Rectifiers TMBS 45V Vrrm eSMP AEC-Q101 Qualified"
"D4,D5,D26","DF1501S-T","RASBB:DF1501ST","","C155338","DF1501S-T","50A 1.1V@1.5A 1.5A 100V DF-S Bridge Rectifiers ROHS"
"D6","S210_R1_00001","Diode_SMD:D_SMB","","C391676","S210_R1_00001","2A Independent Type 100V 660mV@2A SMB(DO-214AA) Diodes - General Purpose ROHS"
"D7,D13,D14,D15,D16","A-SP192YR6C-C01-4T","LED_SMD:LED_0603_1608Metric","","C5355433","A-SP192YR6C-C01-4T","5mA Colorless Transparent Lens 72mcd 616nm~624nm -40℃~+85℃ Positive Stick Red 120° 60mW 1.7V~2.2V 0603 LED Indication - Discrete ROHS"
"D8,D20,D21,D22,D25","A-SP192DGHC-C01-4T","LED_SMD:LED_0603_1608Metric","","C19171301","A-SP192DGHC-C01-4T","225mcd~450mcd Colorless Transparent Lens -40℃~+85℃ Positive Stick 520nm~535nm Green 120° 70mW 2.4V~3V 0603 LED Indication - Discrete ROHS"
"D9,D23,D24","A-SP192GS1D-C01-4T","LED_SMD:LED_0603_1608Metric","","C5355434","A-SP192GS1D-C01-4T","5mA 285mcd Frosted Orange Lens -40℃~+85℃ 592nm~600nm Positive Stick Orange 130° 20mW 2.4V~3V 0603 LED Indication - Discrete ROHS"
"D10","D5V0F4U6SO-7","RASBB:SOT95P285X140-6N","","C445539","D5V0F4U6SO-7","3A@8/20us 12V 6V Unidirectional 5.5V SOT-26 ESD and Surge Protection (TVS/ESD) ROHS"
"D11,D12","DT2042-04SO-7","RASBB:SOT95P285X140-6N","","C2841428","DT2042-04SO-7","Diodes Inc DT2042-04SO-7 Quad Uni-Directional TVS Diode Array, 300mW peak, 6-Pin SOT-26"
"D27","SMAJ33A","RASBB:DIOM5026X229N","","C223988","SMAJ33A","33V 400W 53.3V 7.5A SMA(DO-214AC) Uni-Directional TVS Voltage Suppressors / Diodes ROHS"
"F1","Polyfuse 1.5A","RASBB:BSMD1812","","C883154","BSMD1812-150-33V","PTC RESET FUSE 33V 1.5A 1812"
"F2","Polyfuse 2A","RASBB:BSMD1812","","C960026","BSMD1812-200-30V","PTC RESET FUSE 30V 2A 1812"
"FB1,FB2,FB3","BLM15BD601SH1D","RASBB:NFZ15SG152SN10B","","C710334","BLM15BD601SH1D ","BLM15_H1D Series EMI Suppression Filter 600+/-25% at 100MHz 200mA @85"
"IC1","RT6365GSP","RASBB:SOIC127P600X175-9N","","C3024482","RT6365GSP","Switching Voltage Regulators 60VIN, 5A, Asynchronous Step-Down Converter with Low Quiescent Current"
"IC2,IC4","TPS56528DDAR","RASBB:SOIC127P600X170-9N","","C138716","TPS56528DDAR","4.5V to 18V Input, 5-A Synchronous Step-Down Converter with Advanced Eco-mode&#153;"
"IC3","TPS563201DDCR","RASBB:SOT95P280X110-6N","","C116592","TPS563201DDCR","4.5 V to 17 V input, 3 A output, synchronous step-down converter in Eco-mode"
"IC5,IC7","S25FL128LAGMFI010","RASBB:SOIC127P800X216-8N","","C2959152","S25FL128LAGMFI010","CYPRESS SEMICONDUCTOR - S25FL128LAGMFI010 - FLASH MEMORY, 128MBIT, 133MHZ, SOIC-8"
"IC6,IC8","TS3A5018DBQR","RASBB:SOP64P600X175-16N","","C202285","TS3A5018DBQR","Analog SW Quad SPDT 3.6V 16-Pin SSOP Texas Instruments TS3A5018DBQR, Analogue SPDT Switch Quad SPDT, 3 V, 16-Pin SSOP"
"IC9,IC10","MT41K128M16JT-107:K","RASBB:BGA96C80P9X16_800X1400X120","","C2841151","MT41K128M16JT-107:K","IC DRAM 2GBIT PAR 96FBGA"
"IC11","TPD12S016PWR","RASBB:SOP65P640X120-24N","","C201665","TPD12S016PWR","Texas Instruments,TPD12S016PWR,IC,HDMI TPD12S016PWR, HDMI Interface 12-channel HDMI 4.5"
"IC12","STM32H743VGT6","RASBB:QFP50P1600X1600X160-100N","","C730183","STM32H743VGT6","STM32H743VGT6"
"IC13","SX1280IMLTRT","RASBB:QFN50P400X400X100-25N-D","","C125969","SX1280IMLTRT","RF Transceiver Long range 2.4 GHz Wireless Transceiver"
"IC14","LAN8742AI-CZ-TR","RASBB:QFN50P400X400X100-25N-D","","C621425","LAN8742AI-CZ-TR","VQFN-24-EP(4x4) Buffers, Drivers, Receivers, Transceivers ROHS"
"IC15","DS90LV028AQDQFRQ1","RASBB:SON50P200X200X80-8N","","C2868409","DS90LV028AQDQFRQ1","Dual LVDS receiver, 8-WSON 2x2"
"J1","DC_12V_IN","RASBB:CUI_PJ-002AH-SMT-TR","","C22434687","PJ-002AH-SMT-TR","SMD DC Power Connectors ROHS"
"J2","ETH_1G","RASBB:JK00229NL","","C5149194","HR911196AE","Plugin Ethernet Connectors / Modular Connectors (RJ45 RJ11) ROHS"
"J3","HDMI","RASBB:HDMI-001A","","C41347845","HDMI-001A","Push-Pull HDMI Connectors ROHS"
"J4","FRONTEND","RASBB:SAMTEC_PCIE-098-02-X-D-EMS3","","C5711253","X3157WS-98-9TV30","Plugin PCI / PCIe Connector ROHS"
"J5","ICON","RASBB:CON50_1X50_DUTB_HRS_HIR","","C597991","FH12-50S-0.5SVA(54)","CONN FFC FPC 50POS 0.5mm VERTICAL - 1 SIDED CNT SMD"
"J6","Conn_01x03","Connector_PinHeader_2.54mm:PinHeader_1x03_P2.54mm_Vertical","","C2937625","PZ254V-11-03P","CONN HEADER 3POS 2.54mm SINGLE ROW TH"
"J7","USB_UART","Connector_USB:USB_C_Receptacle_Palconn_UTC16-G","","C2765186","TYPE-C 16PIN 2MD(073)","USB Full-Featured Type-C Receptacle connector"
"J8,J10","STM32_DEBUG,STM32_JTAG","Connector_PinHeader_1.27mm:PinHeader_2x05_P1.27mm_Vertical_SMD","","C41370773","ZX-PZ1.27-2-5PWZ ","https://www.lcsc.com/datasheet/lcsc_datasheet_2408280907_Megastar-ZX-PZ1-27-2-5PWZ_C41370773.pdf"
"J9","ALARM_OUT","RASBB:SHDRRA2W80P0X350_1X2_1050X920X750P","","C441171","KF2EDGR-3.5-2P","Bend -40℃~+105℃ 1 3.5mm 300V 10A 2 1x2P Green Receptacle-Close Push-Pull,P=3.5mm Pluggable System Terminal Block ROHS"
"J11","LORA_ANT","Connector_Coaxial:U.FL_Hirose_U.FL-R-SMT-1_Vertical","","C22418213","CONUFL001-SMD-T or similar","coaxial connector (BNC, SMA, SMB, SMC, Cinch/RCA, LEMO, ...)"
"J12","AUDIO","RASBB:FC68128","","C7501803","HC-PJ-313E8-B-SMT","-25℃~+70℃ 3.5mm Headphone Jack 30V Nickel 500mA Phosphor Bronze SMD Audio Connectors ROHS"
"J13,J15","FPGA1_JTAG,FPGA2_JTAG","Connector_PinHeader_1.27mm:PinHeader_2x03_P1.27mm_Vertical_SMD","","C41370771","ZX-PZ1.27-2-3PWZ","Gold 1A Standing paste Policy 1mm 6P 4mm -40℃~+105℃ 1.27mm Brass Double Row Black 2x3P 1.27mm SMD,P=1.27mm Pin Headers ROHS"
"J16,J17,J18,J20","FE_3V3_MEAS,FPGA1_CLK_OUT,FPGA2_CLK_OUT,PWM_DAC_OUT","Connector_PinHeader_2.54mm:PinHeader_1x02_P2.54mm_Vertical","","C492401","PZ254V-11-02P","Generic connector, single row, 01x02, script generated"
"J19","ETH_100M_POE","RASBB:HC-WK88-H16-DB","","C7501824","HC-WK88-H16-DB","CONN MOD JACK RJ45 TH R/A SHIELDED"
"L1","10uH","RASBB:0630CDMCDDS-100MC","","C2595948","0630CDMCDDS-100MC ","4.5A 10uH ±20% 4.6A 2726 Power Inductors ROHS"
"L2","15uH","RASBB:SMDRS6028-150N","","C163563","SMDRS6028-150N ","1A 15uH Shielded inductor ±30% 1A SMD Power Inductors ROHS"
"L3","360nH","RASBB:INDPM109103X400N","","C845083","IHLP4040DZERR36M01","31.5A 360nH ±20% 60A SMD,10.8x10.2mm Power Inductors ROHS"
"L4,L5,L6","2.2uH","RASBB:IND_IHLP-2525CZ_VIS","","C845037","IHLP2525EZER2R2M01","10A 2.2uH ±20% 10A SMD,6.5x6.9mm Power Inductors ROHS"
"L7","2.2uH","Inductor_SMD:L_1206_3216Metric","","C486337","MGFL3216F2R2MT-LF","1.3A 2.2uH ±20% 150mΩ 1206 Inductors (SMD) ROHS"
"L8,L11","BLM41PG102SN1L","RASBB:IND_BLM41_1806_MUR-M","","C88999","BLM41PG102SN1L","90mΩ ±25% 1kΩ@100MHz 1806 Ferrite Beads ROHS"
"L9","3nH","Inductor_SMD:L_0402_1005Metric","","C433005","MHQ1005P3N0BT000","3nH 800mA ±0.1nH 0402 High Frequency / RF Inductors - Surface Mount ROHS"
"L10","2.5nH","Inductor_SMD:L_0402_1005Metric","","C317668","FHW0402UC2N5KST","640mA 2.5nH ±10% 120mΩ 0402 Inductors (SMD) ROHS"
"Q1","DMN6075S","Package_TO_SOT_SMD:SOT-23","","C5122015","DMN6075S ","60V 3A 350mW 125mΩ@4.5V,3A 500mV@250uA SOT-23 MOSFETs ROHS"
"R1,R2,R3,R4,R6,R7,R8,R11,R12,R13,R14,R15,R16,R22,R72,R73,R139,R140,R141,R142,R152,R153,R154,R155,R157,R158,R159,R160,R161,R162,R163,R166,R167","49.9","Resistor_SMD:R_0402_1005Metric","","C4229190","RMCF0402FT49R9","62.5mW Thick Film Resistors 50V ±100ppm/℃ ±1% 49.9Ω 0402 Chip Resistor - Surface Mount ROHS"
"R5,R9,R10,R53,R54,R55,R56,R57,R58,R59,R60,R61,R62,R74,R76,R85,R86,R91,R92,R101,R103,R107,R114,R115,R116,R117,R118,R119,R120,R196,R197,R198,R199,R204,R207","4K7","Resistor_SMD:R_0402_1005Metric","","C163826","WR04X4701FTL","62.5mW Thick Film Resistors 50V ±100ppm/℃ ±1% 4.7kΩ 0402 Chip Resistor - Surface Mount ROHS"
"R17,R18,R19,R20,R23,R24,R99,R100","22","Resistor_SMD:R_0402_1005Metric","","C163821","WR04X22R0FTL","62.5mW Thick Film Resistors 50V ±100ppm/℃ ±1% 22Ω 0402 Chip Resistor - Surface Mount ROHS"
"R21,R63,R64,R65,R66,R68,R69,R70,R71,R87,R93,R168,R169,R170,R171,R172,R173,R174,R175,R176,R177,R178,R179,R180,R181,R182,R183,R184,R187,R188,R189,R190","100","Resistor_SMD:R_0402_1005Metric","","C163808","WR04X1000FTL","62.5mW Thick Film Resistors 50V ±100ppm/℃ ±1% 100Ω 0402 Chip Resistor - Surface Mount ROHS"
"R25","24.9K","Resistor_SMD:R_1206_3216Metric","","C171074 ","WR12X2492FTL","250mW Thick Film Resistors 200V ±100ppm/℃ ±1% 24.9kΩ 1206 Chip Resistor - Surface Mount ROHS"
"R26","249K","Resistor_SMD:R_0805_2012Metric","","C170853","WR08X2493FTL","125mW Thick Film Resistors 150V ±100ppm/℃ ±1% 249kΩ 0805 Chip Resistor - Surface Mount ROHS"
"R27,R123","51K","Resistor_SMD:R_0603_1608Metric","","C163933","WR06X5102FTL ","100mW Thick Film Resistors 75V ±100ppm/℃ ±1% 51kΩ 0603 Chip Resistor - Surface Mount ROHS"
"R28","590K","Resistor_SMD:R_0402_1005Metric","","C172103","WR04X5903FTL","62.5mW Thick Film Resistors 50V ±100ppm/℃ ±1% 590kΩ 0402 Chip Resistor - Surface Mount ROHS"
"R29,R30","18K","Resistor_SMD:R_0402_1005Metric","","C168206","WR04X1802FTL","62.5mW Thick Film Resistors 50V ±100ppm/℃ ±1% 18kΩ 0402 Chip Resistor - Surface Mount ROHS"
"R31","120K","Resistor_SMD:R_0402_1005Metric","","C137924","RC0402JR-07120KL","62.5mW Thick Film Resistors 50V ±200ppm/℃ ±5% 120kΩ 0402 Chip Resistor - Surface Mount ROHS"
"R32,R44","3.3","Resistor_SMD:R_0402_1005Metric","","C4170964","CRCW04023R30FKEDC","62.5mW Thick Film Resistors 50V ±200ppm/℃ ±1% 3.3Ω 0402 Chip Resistor - Surface Mount ROHS"
"R33","180K","Resistor_SMD:R_0402_1005Metric","","C168207","WR04X1803FTL","62.5mW Thick Film Resistors 50V ±100ppm/℃ ±1% 180kΩ 0402 Chip Resistor - Surface Mount ROHS"
"R34","12K","Resistor_SMD:R_0402_1005Metric","","C2991361","SR04X1202FTL","62.5mW Thick Film Resistors 50V ±100ppm/℃ ±1% 12kΩ 0402 Chip Resistor - Surface Mount ROHS"
"R35,R37,R41,R42,R43,R49,R125,R126","100K","Resistor_SMD:R_0402_1005Metric","DNP","C60491","RC0402FR-07100KL ","62.5mW Thick Film Resistors 50V ±100ppm/℃ ±1% 100kΩ 0402 Chip Resistor - Surface Mount ROHS"
"R36","220K","Resistor_SMD:R_0402_1005Metric","","C25767","0402WGF2203TCE","62.5mW Thick Film Resistors 50V ±100ppm/℃ ±1% 220kΩ 0402 Chip Resistor - Surface Mount ROHS"
"R38","5.49K","Resistor_SMD:R_0402_1005Metric","","C2092200","CRCW04025K49FKED","62.5mW Thick Film Resistors 50V ±100ppm/℃ ±1% 5.49kΩ 0402 Chip Resistor - Surface Mount ROHS"
"R39","2.32K","Resistor_SMD:R_0402_1005Metric","","C2091739","CRCW04022K32FKED","62.5mW Thick Film Resistors 50V ±100ppm/℃ ±1% 2.32kΩ 0402 Chip Resistor - Surface Mount ROHS"
"R40","3.48K","Resistor_SMD:R_0402_1005Metric","","C4336043","CRCW04023K48FKED","62.5mW Thick Film Resistors 50V ±100ppm/℃ ±1% 3.48kΩ 0402 Chip Resistor - Surface Mount ROHS"
"R45","11K","Resistor_SMD:R_0402_1005Metric","","C172152","WR04X113JTL","62.5mW Thick Film Resistors 50V ±100ppm/℃ ±5% 11kΩ 0402 Chip Resistor - Surface Mount ROHS"
"R46","2.1K","Resistor_SMD:R_0402_1005Metric","","C170256","WR04X2101FTL","62.5mW Thick Film Resistors 50V ±100ppm/℃ ±1% 2.1kΩ 0402 Chip Resistor - Surface Mount ROHS"
"R47","7.68k","Resistor_SMD:R_0402_1005Metric","","C334733","WR04X7681FTL","62.5mW Thick Film Resistors 50V ±100ppm/℃ ±1% 7.68kΩ 0402 Chip Resistor - Surface Mount ROHS"
"R48,R67,R96,R104,R105,R106,R111,R112,R113,R124,R132,R133,R135,R137,R156,R164,R191,R192,R193,R194,R202","10K","Resistor_SMD:R_0402_1005Metric","","C163810","WR04X1002FTL ","62.5mW Thick Film Resistors 50V ±100ppm/℃ ±1% 10kΩ 0402 Chip Resistor - Surface Mount ROHS"
"R50,R52","49.9K","Resistor_SMD:R_0402_1005Metric","","C350874","CRCW040249K9FKED","62.5mW Thick Film Resistors 50V ±100ppm/℃ ±1% 49.9kΩ 0402 Chip Resistor - Surface Mount ROHS"
"R51","226K","Resistor_SMD:R_0402_1005Metric","","C2076623","CRCW0402226KFKED","62.5mW Thick Film Resistors 50V ±100ppm/℃ ±1% 226kΩ 0402 Chip Resistor - Surface Mount ROHS"
"R75,R88,R89,R94,R95,R108,R109,R110,R131,R138,R146,R147,R148,R149","1K","Resistor_SMD:R_0402_1005Metric","","C327796","MR04X1001FTL","100mW Thick Film Resistors 50V ±100ppm/℃ ±1% 1kΩ 0402 Chip Resistor - Surface Mount ROHS"
"R77,R136,R205,R206","1.5K","Resistor_SMD:R_0402_1005Metric","","C384376","WR04X152JTL","62.5mW Thick Film Resistors 50V ±100ppm/℃ ±5% 1.5kΩ 0402 Chip Resistor - Surface Mount ROHS"
"R78,R79,R80,R81,R144,R145","75","Resistor_SMD:R_0603_1608Metric","","C2074227","ESR03EZPF75R0","250mW Thick Film Resistors 150V ±100ppm/℃ ±1% 75Ω 0603 Chip Resistor - Surface Mount ROHS"
"R82,R83,R186,R210,R212,R213,R214,R215,R216,R217,R218,R219","270","Resistor_SMD:R_0402_1005Metric","","C880838","SR04X271JTL","62.5mW ±100ppm/℃ ±5% 270Ω 0402 Chip Resistor - Surface Mount ROHS"
"R84,R90","240","Resistor_SMD:R_0402_1005Metric","","C728568","RT0402BRE07240RL ","62.5mW Thin Film Resistors 50V ±50ppm/℃ ±0.1% 240Ω 0402 Chip Resistor - Surface Mount ROHS"
"R97,R98","5.1K","Resistor_SMD:R_0402_1005Metric","","C384321","WR04X512JTL","62.5mW Thick Film Resistors 50V ±100ppm/℃ ±5% 5.1kΩ 0402 Chip Resistor - Surface Mount ROHS"
"R102","0","Resistor_SMD:R_0402_1005Metric","","C396825","MR04X000PTL","100mW Thick Film Resistors 50V -200ppm/℃~+400ppm/℃ 0Ω 0402 Chip Resistor - Surface Mount ROHS"
"R121","1.2K","Resistor_SMD:R_0402_1005Metric","","C168197","WR04X1201FTL","62.5mW Thick Film Resistors 50V ±100ppm/℃ ±1% 1.2kΩ 0402 Chip Resistor - Surface Mount ROHS"
"R122","10","Resistor_SMD:R_0402_1005Metric","","C25077","0402WGF100JTCE","62.5mW Thick Film Resistors 50V ±200ppm/℃ ±1% 10Ω 0402 Chip Resistor - Surface Mount ROHS"
"R127","5.6K","Resistor_SMD:R_0402_1005Metric","","C168239","WR04X5601FTL","62.5mW Thick Film Resistors 50V ±100ppm/℃ ±1% 5.6kΩ 0402 Chip Resistor - Surface Mount ROHS"
"R134","12.1K","Resistor_SMD:R_0402_1005Metric","","C168199","WR04X1212FTL","62.5mW Thick Film Resistors 50V ±100ppm/℃ ±1% 12.1kΩ 0402 Chip Resistor - Surface Mount ROHS"
"R143","0","Resistor_SMD:R_0603_1608Metric","","C2094997","RCS06030000Z0EC","250mW Thick Film Resistors 75V 0Ω 0603 Chip Resistor - Surface Mount ROHS"
"R150","0","Resistor_SMD:R_0603_1608Metric","","C95177","RC0603JR-070RL","Res, Thick Film, 0Ω, 1/10W, 0603, Jumper"
"R151,R195,R200,R201","10K","Resistor_SMD:R_0603_1608Metric","","C25804","0603WAF1002T5E","100mW Thick Film Resistors 75V ±100ppm/℃ ±1% 10kΩ 0603 Chip Resistor - Surface Mount ROHS"
"R165","0.005","Resistor_SMD:R_2512_6332Metric","","C7467241","FRM252WJR005TN","2W 5mΩ ±5% 2512 Current Sense Resistors - SMD/SMT ROHS"
"R185","0","Resistor_SMD:R_1206_3216Metric","","C17888 ","1206W4F0000T5E","250mW Thick Film Resistors 200V 0Ω 1206 Chip Resistor - Surface Mount ROHS"
"R203","2.49K","Resistor_SMD:R_0402_1005Metric","","C145071","RC0402FR-072K49L","62.5mW Thick Film Resistors 50V ±100ppm/℃ ±1% 2.49kΩ 0402 Chip Resistor - Surface Mount ROHS"
"R211,R220,R221,R222,R223","0.005","Resistor_SMD:R_2512_6332Metric","","C7419996","FRM252WJR005TN","2W 5mΩ ±5% 2512 Current Sense Resistors - SMD/SMT ROHS"
"RN1,RN2,RN3,RN4,RN5,RN6,RN7,RN8,RN9,RN10","CAY10-330J4LF","RASBB:CAY10-XXXJ4","","C1731024","CAY10-330J4LF","Bourns CAY10 Series 33 +/-5% Isolated SMT Resistor Array, 4 Resistors, 0.125W total 0804 (2010M) package Convex"
"S1,S2,S3","B3FS-1002P","RASBB:B3FS-1000P","","C271750","B3FS-1002P","Tactile Switches 6x6x3.1mm Flat 150OF PhosphorBronze Ag TR"
"T1","15FB-30NL","RASBB:SOIC127P940X597-16N","","C2987675","15FB-30NL","Power over Ethernet (POE+) Magnetics, 10/100BASE-TX VoIP Magnetics Modules"
"U1","SZMMSZ4702T1G","RASBB:SOD-123_ONS","","C463904","SZMMSZ4702T1G","500mW 15V SOD-123 Zener Diodes ROHS"
"U2","SI2324DS-T1-GE3","RASBB:SOT_4DS-T1-GE3_VIS","","C190351","SI2324DS-T1-GE3 ","100V 2.3A 1.6W 0.234Ω@10V,2.3A 2.8V@250uA SOT-23 MOSFETs ROHS"
"U3","SIC453ED-T1-GE3","RASBB:POWERPAK_MLP34-57_VIS","","C5334327","SIC453ED-T1-GE3 ","https://www.lcsc.com/datasheet/lcsc_datasheet_2212301230_Vishay-Intertech-SIC453ED-T1-GE3_C5334327.pdf"
"U4","JW5026","Package_TO_SOT_SMD:SOT-23-6","","C185109","JW5026","Step-down type 1A SOT-23-6 DC-DC Converters ROHS"
"U5","TLV9001DBVR","Package_TO_SOT_SMD:SOT-23-5","","C19632595","TLV9001QDBVRQ1 ","R-R I/O, 1MHz, 60µA, 3.3V"
"U6","CH340E","Package_SO:MSOP-10-1EP_3x3mm_P0.5mm_EP1.68x1.88mm","","C99652","CH340E","2Mbps Transceiver USB 2.0 MSOP-10 USB Converters ROHS"
"U7","AHT20","RASBB:AHT20","","C2757850","AHT20","SMD Temperature and Humidity Sensor ROHS"
"U8","LM386","Package_SO:SOP-8_3.9x4.9mm_P1.27mm","","C510560","LM386D","SOP-8 Audio Amplifiers ROHS"
"U9","LM321","Package_TO_SOT_SMD:SOT-23-5","","C280706","LM321-TR","Low Power Single Operational Amplifier, SOT-23-5"
"U10,U11","XC7A100T-CSG324","RASBB:BGA324C80P18X18_1500X1500X150","","C1521791","XC7A100T-2CSG324I ","Artix 7 T 100 XC7A100T-CSG324"
"U12","RTL8211E-VB-CG","RASBB:QFN48_6X6X0P85_RTK","","C90735","RTL8211E-VB-CG","4 PHYtransceiver QFN-48-EP(6x6) Ethernet Transceivers ROHS"
"X1,X3,X4","OT2EL4C4JI-111OLP-50M","Oscillator:Oscillator_SMD_Abracon_ASE-4Pin_3.2x2.5mm","","C5203552","OT2EL4C4JI-111OLP-50M","1.8V~3.3V ±10ppm CMOS 50MHz SMD3225-4P Crystal Oscillator"
"Y1","X503220MSB2GI","RASBB:X503220MSB2GI","","C112566","X503220MSB2GI","20MHz Surface Mount Crystal 20pF ±10ppm ±20ppm SMD5032 Crystals ROHS"
"Y2","XC21M4-52.000-F10NNHPL","RASBB:XC21M4-52.000-F10NNHPL","","C3034316","XC21M4-52.000-F10NNHPL ","52MHz Surface Mount Crystal 10pF ±10ppm ±10ppm SMD2016-4P Crystals ROHS"
"Y3","25MHz","Crystal:Crystal_SMD_3225-4Pin_3.2x2.5mm","","C5280577","XL2EL89CSI-111YLC-25M","Four pin crystal, GND on pins 2 and 3"
"Z1","MMSZ5255BT1G","RASBB:SOD3716X135N","","C242284","MMSZ5255BT1G","Independent Type 26.6V~29.4V 500mW 28V SOD-123 Zener Diodes ROHS"
