Ref,Val,Package,PosX,PosY,Rot,Side
"C1","1uF","C_0402_1005Metric",238.520000,-127.060000,0.000000,bottom
"C2","1uF","C_0402_1005Metric",236.470000,-103.740000,0.000000,bottom
"C3","10nF","C_0603_1608Metric",216.370000,-54.905000,-90.000000,bottom
"C10","100nF","C_0402_1005Metric",236.200000,-51.600000,0.000000,bottom
"C23","10uF","C_1206_3216Metric",139.250000,-43.850000,180.000000,bottom
"C26","10uF","C_1206_3216Metric",139.250000,-46.300000,180.000000,bottom
"C31","100nF","C_0402_1005Metric",141.200000,-48.150000,180.000000,bottom
"C33","100nF","C_0402_1005Metric",209.280000,-48.000000,90.000000,bottom
"C34","100nF","C_0402_1005Metric",136.600000,-52.800000,0.000000,bottom
"C39","10nF","C_0402_1005Metric",133.340100,-50.600000,-90.000000,bottom
"C44","22uF","C_0603_1608Metric",134.800000,-50.600000,90.000000,bottom
"C47","22uF","C_0603_1608Metric",136.450000,-50.600000,90.000000,bottom
"C59","100nF","C_0402_1005Metric",166.800000,-75.000000,-90.000000,bottom
"C61","100nF","C_0402_1005Metric",163.630000,-114.850000,180.000000,bottom
"C73","100nF","C_2220_5750Metric",265.025000,-69.725000,0.000000,bottom
"C74","tbd","C_1206_3216Metric",266.550000,-64.525000,180.000000,bottom
"C75","470nF","C_0402_1005Metric",143.980000,-70.000000,180.000000,bottom
"C76","100nF","C_0402_1005Metric",131.200000,-87.700000,-45.000000,bottom
"C78","47nF","C_0402_1005Metric",134.700000,-91.950000,-45.000000,bottom
"C79","47nF","C_0402_1005Metric",128.000000,-85.450000,-135.000000,bottom
"C81","47nF","C_0402_1005Metric",132.400000,-89.350000,-135.000000,bottom
"C83","47nF","C_0402_1005Metric",127.600000,-82.000000,45.000000,bottom
"C85","47nF","C_0402_1005Metric",135.360589,-79.760589,-45.000000,bottom
"C89","470nF","C_0402_1005Metric",130.150000,-85.200000,-45.000000,bottom
"C90","47nF","C_0402_1005Metric",134.750000,-78.300000,45.000000,bottom
"C91","47nF","C_0402_1005Metric",127.150000,-84.250000,-45.000000,bottom
"C96","47nF","C_0402_1005Metric",133.550000,-82.130000,90.000000,bottom
"C97","47nF","C_0402_1005Metric",133.400000,-90.650000,-45.000000,bottom
"C99","100nF","C_0402_1005Metric",130.458717,-122.030342,-45.000000,bottom
"C101","47nF","C_0402_1005Metric",133.958717,-126.280342,-45.000000,bottom
"C102","47nF","C_0402_1005Metric",127.258717,-119.780342,-135.000000,bottom
"C104","47nF","C_0402_1005Metric",131.540589,-123.619411,-135.000000,bottom
"C106","47nF","C_0402_1005Metric",126.858717,-116.330342,45.000000,bottom
"C108","47nF","C_0402_1005Metric",134.619306,-114.090931,-45.000000,bottom
"C109","47nF","C_0402_1005Metric",128.730589,-121.389411,-135.000000,bottom
"C110","47nF","C_0402_1005Metric",136.600000,-114.910000,135.000000,bottom
"C113","47nF","C_0402_1005Metric",134.008717,-112.630342,45.000000,bottom
"C114","47nF","C_0402_1005Metric",126.408717,-118.580342,-45.000000,bottom
"C119","47nF","C_0402_1005Metric",132.808717,-116.460342,90.000000,bottom
"C120","47nF","C_0402_1005Metric",132.658717,-124.980342,-45.000000,bottom
"C122","100nF","C_0402_1005Metric",234.838000,-40.075000,180.000000,bottom
"C123","100nF","C_0402_1005Metric",244.850000,-47.050000,-90.000000,bottom
"C124","100nF","C_0402_1005Metric",244.900000,-39.750000,-90.000000,bottom
"C127","4.7uF","C_0603_1608Metric",178.800000,-112.600000,0.000000,bottom
"C128","4.7uF","C_0603_1608Metric",178.800000,-114.200000,0.000000,bottom
"C129","100nF","C_0402_1005Metric",194.450000,-109.500000,90.000000,bottom
"C130","1uF","C_0402_1005Metric",188.720000,-92.300000,180.000000,bottom
"C132","100nF","C_0402_1005Metric",188.720000,-93.400000,180.000000,bottom
"C133","100nF","C_0402_1005Metric",194.720000,-97.120000,90.000000,bottom
"C134","100nF","C_0402_1005Metric",255.502150,-116.960000,-90.000000,bottom
"C135","100nF","C_0402_1005Metric",180.640000,-93.110000,90.000000,bottom
"C136","100nF","C_0402_1005Metric",254.500000,-116.960000,-90.000000,bottom
"C137","100nF","C_0402_1005Metric",175.760000,-97.420000,-90.000000,bottom
"C138","100nF","C_0402_1005Metric",181.660000,-93.100000,90.000000,bottom
"C139","20p","C_0603_1608Metric",181.810000,-87.480000,180.000000,bottom
"C140","20p","C_0603_1608Metric",187.030000,-87.480000,0.000000,bottom
"C141","2.2uF","C_0402_1005Metric",195.650000,-109.100000,-90.000000,bottom
"C143","2.2uF","C_0402_1005Metric",181.050000,-113.500000,-90.000000,bottom
"C160","10uF","C_0603_1608Metric",235.675000,-114.155000,-90.000000,bottom
"C162","47nF","C_0402_1005Metric",239.525000,-109.125000,90.000000,bottom
"C167","1uF","C_0402_1005Metric",252.740000,-123.840000,0.000000,bottom
"C181","1nF","C_1206_3216Metric",265.170000,-90.540000,0.000000,bottom
"C182","470nF","C_0402_1005Metric",141.510000,-67.200000,-90.000000,bottom
"C183","tbd","C_1206_3216Metric",265.190000,-87.680000,0.000000,bottom
"C184","47uF","C_0805_2012Metric",156.200000,-59.600000,90.000000,bottom
"C185","470nF","C_0402_1005Metric",146.900000,-69.600000,0.000000,bottom
"C187","47uF","C_0805_2012Metric",156.100000,-96.650001,90.000000,bottom
"C188","47uF","C_0805_2012Metric",159.150000,-60.300000,180.000000,bottom
"C189","470nF","C_0402_1005Metric",147.050000,-72.450000,0.000000,bottom
"C190","470nF","C_0402_1005Metric",149.500000,-72.780000,-90.000000,bottom
"C191","470nF","C_0402_1005Metric",148.910000,-64.290000,-90.000000,bottom
"C192","47uF","C_0805_2012Metric",139.020000,-57.430000,-90.000000,bottom
"C193","470nF","C_0402_1005Metric",146.600000,-71.000000,90.000000,bottom
"C194","470nF","C_0402_1005Metric",149.350000,-70.700000,180.000000,bottom
"C195","100uF","C_1206_3216Metric",158.280000,-113.580000,0.000000,bottom
"C196","470nF","C_0402_1005Metric",144.920000,-68.300000,-90.000000,bottom
"C197","470nF","C_0402_1005Metric",147.850000,-68.150000,-90.000000,bottom
"C198","100uF","C_1206_3216Metric",159.700000,-68.300000,0.000000,bottom
"C199","100uF","C_1206_3216Metric",139.380000,-96.690000,90.000000,bottom
"C200","470nF","C_0402_1005Metric",146.550000,-65.170000,0.000000,bottom
"C201","470nF","C_0402_1005Metric",148.780000,-66.750000,180.000000,bottom
"C203","470nF","C_0402_1005Metric",141.780000,-64.270000,180.000000,bottom
"C205","470nF","C_0402_1005Metric",148.470000,-72.100000,90.000000,bottom
"C206","4.7uF","C_0402_1005Metric",152.600000,-60.400000,90.000000,bottom
"C207","470nF","C_0402_1005Metric",149.350000,-69.750000,180.000000,bottom
"C208","4.7uF","C_0402_1005Metric",153.600000,-60.400000,90.000000,bottom
"C209","470nF","C_0402_1005Metric",146.640000,-68.110000,-90.000000,bottom
"C210","4.7uF","C_0402_1005Metric",154.600000,-60.400000,90.000000,bottom
"C211","4.7uF","C_0402_1005Metric",150.610000,-79.500000,-90.000000,bottom
"C212","4.7uF","C_0402_1005Metric",149.570000,-79.530000,-90.000000,bottom
"C213","4.7uF","C_0402_1005Metric",151.680000,-79.500000,-90.000000,bottom
"C214","4.7uF","C_0402_1005Metric",152.700000,-79.500000,-90.000000,bottom
"C215","4.7uF","C_0402_1005Metric",147.300000,-60.780000,90.000000,bottom
"C216","4.7uF","C_0402_1005Metric",148.310000,-60.780000,90.000000,bottom
"C217","4.7uF","C_0402_1005Metric",149.350000,-60.780000,90.000000,bottom
"C218","100uF","C_1206_3216Metric",144.340000,-55.250000,180.000000,bottom
"C219","100uF","C_1206_3216Metric",144.340000,-60.130001,180.000000,bottom
"C220","100uF","C_1206_3216Metric",144.340000,-57.630000,180.000000,bottom
"C221","47uF","C_0805_2012Metric",158.209999,-71.930000,0.000000,bottom
"C222","470nF","C_0402_1005Metric",148.375000,-75.250000,-90.000000,bottom
"C223","4.7uF","C_0402_1005Metric",151.500000,-60.800000,90.000000,bottom
"C224","470nF","C_0402_1005Metric",150.400000,-60.780000,90.000000,bottom
"C226","100uF","C_1206_3216Metric",138.434999,-71.430000,180.000000,bottom
"C227","4.7uF","C_0402_1005Metric",143.655000,-79.660000,-90.000000,bottom
"C228","4.7uF","C_0402_1005Metric",144.725000,-79.660000,-90.000000,bottom
"C229","470nF","C_0402_1005Metric",143.910000,-76.520000,-90.000000,bottom
"C230","470nF","C_0402_1005Metric",148.200000,-76.700000,0.000000,bottom
"C231","470nF","C_0402_1005Metric",141.600000,-75.000000,90.000000,bottom
"C232","470nF","C_0402_1005Metric",146.200000,-73.930000,-45.000000,bottom
"C233","470nF","C_0402_1005Metric",154.790000,-74.330000,-90.000000,bottom
"C234","470nF","C_0402_1005Metric",155.080000,-68.510000,-90.000000,bottom
"C235","470nF","C_0402_1005Metric",154.660000,-62.900000,180.000000,bottom
"C236","470nF","C_0402_1005Metric",152.910000,-77.260000,180.000000,bottom
"C238","470nF","C_0402_1005Metric",129.408717,-119.530342,-45.000000,bottom
"C239","470nF","C_0402_1005Metric",149.900000,-74.600000,180.000000,bottom
"C241","470nF","C_0402_1005Metric",158.300000,-64.120000,0.000000,bottom
"C242","470nF","C_0402_1005Metric",155.160000,-65.320000,0.000000,bottom
"C243","470nF","C_0402_1005Metric",153.270000,-68.450000,-90.000000,bottom
"C245","470nF","C_0402_1005Metric",148.075000,-73.725000,0.000000,bottom
"C246","4.7uF","C_0402_1005Metric",158.280000,-62.000000,0.000000,bottom
"C247","4.7uF","C_0402_1005Metric",158.300000,-63.090000,0.000000,bottom
"C249","4.7uF","C_0402_1005Metric",158.425000,-66.530000,0.000000,bottom
"C251","470nF","C_0402_1005Metric",158.425000,-65.500000,0.000000,bottom
"C252","470nF","C_0402_1005Metric",157.400000,-73.560000,0.000000,bottom
"C253","470nF","C_0402_1005Metric",151.729411,-65.049411,-45.000000,bottom
"C254","470nF","C_0402_1005Metric",152.700000,-70.750000,-90.000000,bottom
"C255","470nF","C_0402_1005Metric",151.450000,-76.220000,0.000000,bottom
"C257","470nF","C_0402_1005Metric",154.160589,-71.549411,-135.000000,bottom
"C258","100nF","C_0402_1005Metric",136.500000,-68.400000,0.000000,bottom
"C261","470nF","C_0402_1005Metric",150.430000,-66.960000,-90.000000,bottom
"C262","470nF","C_0402_1005Metric",150.850000,-68.420000,0.000000,bottom
"C263","470nF","C_0402_1005Metric",150.960589,-72.160589,135.000000,bottom
"C264","470nF","C_0402_1005Metric",151.250000,-70.040000,0.000000,bottom
"C266","4.7uF","C_0402_1005Metric",141.500000,-60.280000,90.000000,bottom
"C267","4.7uF","C_0402_1005Metric",140.490000,-60.280000,90.000000,bottom
"C269","470nF","C_0402_1005Metric",148.070000,-107.880000,90.000000,bottom
"C273","470nF","C_0402_1005Metric",146.280000,-103.890000,180.000000,bottom
"C274","470nF","C_0402_1005Metric",148.110000,-103.070000,90.000000,bottom
"C275","470nF","C_0402_1005Metric",151.470000,-103.570000,0.000000,bottom
"C277","470nF","C_0402_1005Metric",146.450000,-108.390000,180.000000,bottom
"C278","470nF","C_0402_1005Metric",149.570000,-104.150000,90.000000,bottom
"C280","470nF","C_0402_1005Metric",150.740000,-105.730000,0.000000,bottom
"C281","470nF","C_0402_1005Metric",146.020000,-105.620000,180.000000,bottom
"C282","100uF","C_1206_3216Metric",158.240000,-105.870000,0.000000,bottom
"C284","470nF","C_0402_1005Metric",149.950000,-108.240000,90.000000,bottom
"C285","470nF","C_0402_1005Metric",148.110000,-104.950000,-90.000000,bottom
"C287","470nF","C_0402_1005Metric",150.340000,-106.710000,0.000000,bottom
"C289","470nF","C_0402_1005Metric",146.010000,-106.620000,180.000000,bottom
"C290","4.7uF","C_0402_1005Metric",154.561430,-97.920000,90.000000,bottom
"C291","470nF","C_0402_1005Metric",148.290000,-106.400000,180.000000,bottom
"C292","4.7uF","C_0402_1005Metric",152.350000,-97.920000,90.000000,bottom
"C293","470nF","C_0402_1005Metric",148.160000,-109.360000,0.000000,bottom
"C294","4.7uF","C_0402_1005Metric",153.455714,-97.920000,90.000000,bottom
"C295","4.7uF","C_0402_1005Metric",151.060000,-115.800000,-90.000000,bottom
"C296","4.7uF","C_0402_1005Metric",150.000000,-115.800000,-90.000000,bottom
"C297","4.7uF","C_0402_1005Metric",146.782858,-97.920000,90.000000,bottom
"C298","4.7uF","C_0402_1005Metric",150.100000,-97.920000,90.000000,bottom
"C299","4.7uF","C_0402_1005Metric",147.888572,-97.920000,90.000000,bottom
"C300","4.7uF","C_0402_1005Metric",148.960000,-115.800000,-90.000000,bottom
"C301","4.7uF","C_0402_1005Metric",148.994286,-97.920000,90.000000,bottom
"C302","100uF","C_1206_3216Metric",143.860000,-92.850000,180.000000,bottom
"C303","100uF","C_1206_3216Metric",143.880000,-95.280000,180.000000,bottom
"C304","100uF","C_1206_3216Metric",143.880000,-97.690000,180.000000,bottom
"C305","47uF","C_0805_2012Metric",158.420000,-108.140000,0.000000,bottom
"C306","470nF","C_0402_1005Metric",148.110000,-111.320000,-90.000000,bottom
"C307","4.7uF","C_0402_1005Metric",151.244286,-97.920000,90.000000,bottom
"C308","470nF","C_0402_1005Metric",149.500000,-100.070000,90.000000,bottom
"C310","100uF","C_1206_3216Metric",138.080000,-107.740000,180.000000,bottom
"C311","4.7uF","C_0402_1005Metric",143.700000,-115.800000,-90.000000,bottom
"C312","4.7uF","C_0402_1005Metric",144.770000,-115.800000,-90.000000,bottom
"C313","470nF","C_0402_1005Metric",141.420000,-111.100000,90.000000,bottom
"C314","470nF","C_0402_1005Metric",143.420000,-113.290000,-90.000000,bottom
"C315","470nF","C_0402_1005Metric",143.670000,-106.640000,180.000000,bottom
"C316","470nF","C_0402_1005Metric",145.510000,-110.320000,-90.000000,bottom
"C317","47nF","C_0402_1005Metric",148.080000,-113.430000,0.000000,bottom
"C326","470nF","C_0402_1005Metric",151.810000,-110.040000,-90.000000,bottom
"C327","470nF","C_0402_1005Metric",154.970000,-108.420000,-90.000000,bottom
"C328","470nF","C_0402_1005Metric",154.270000,-110.900000,-90.000000,bottom
"C329","470nF","C_0402_1005Metric",156.890000,-111.780000,0.000000,bottom
"C330","4.7uF","C_0402_1005Metric",155.000000,-115.480000,-90.000000,bottom
"C331","4.7uF","C_0402_1005Metric",156.890000,-110.730000,0.000000,bottom
"C332","100uF","C_1206_3216Metric",158.270000,-100.180000,0.000000,bottom
"C333","4.7uF","C_0402_1005Metric",156.880000,-101.950000,0.000000,bottom
"C334","4.7uF","C_0402_1005Metric",156.880000,-103.040000,0.000000,bottom
"C335","470nF","C_0402_1005Metric",154.320000,-101.430000,90.000000,bottom
"C336","470nF","C_0402_1005Metric",152.300000,-104.770000,180.000000,bottom
"C337","470nF","C_0402_1005Metric",152.240000,-106.710000,0.000000,bottom
"C338","470nF","C_0402_1005Metric",154.420000,-105.710000,-90.000000,bottom
"C339","47nF","C_0402_1005Metric",152.090000,-100.410000,0.000000,bottom
"C342","100nF","C_0402_1005Metric",135.780000,-100.570000,0.000000,bottom
"C346","470nF","C_0402_1005Metric",140.925000,-103.625000,90.000000,bottom
"C347","470nF","C_0402_1005Metric",144.230000,-101.570000,90.000000,bottom
"C348","470nF","C_0402_1005Metric",142.380000,-99.990000,90.000000,bottom
"C349","470nF","C_0402_1005Metric",144.640000,-103.970000,90.000000,bottom
"C350","4.7uF","C_0402_1005Metric",139.230000,-99.720000,180.000000,bottom
"C351","4.7uF","C_0402_1005Metric",139.240000,-100.740000,180.000000,bottom
"C353","100nF","C_0402_1005Metric",237.025000,-113.585000,-90.000000,bottom
"C362","100nF","C_0402_1005Metric",206.560000,-85.500000,-90.000000,bottom
"D4","DF1501S-T","DF1501ST",228.035000,-64.290000,-90.000000,bottom
"D5","DF1501S-T","DF1501ST",228.155000,-74.720000,-90.000000,bottom
"D6","S210_R1_00001","D_SMB",253.374999,-106.525000,0.000000,bottom
"D11","DT2042-04SO-7","SOT95P285X140-6N",148.830000,-49.810000,-90.000000,bottom
"D12","DT2042-04SO-7","SOT95P285X140-6N",165.230000,-98.710000,90.000000,bottom
"F1","Polyfuse 1.5A","BSMD1812",266.290000,-104.955000,90.000000,bottom
"FB1","BLM15BD601SH1D","NFZ15SG152SN10B",188.455000,-90.910470,0.000000,bottom
"IC3","TPS563201DDCR","SOT95P280X110-6N",139.366800,-50.894740,-90.000000,bottom
"IC5","S25FL128LAGMFI010","SOIC127P800X216-8N",168.680000,-68.902500,-90.000000,bottom
"IC7","S25FL128LAGMFI010","SOIC127P800X216-8N",165.980000,-109.432500,-90.000000,bottom
"IC11","TPD12S016PWR","SOP65P640X120-24N",240.200000,-43.000000,0.000000,bottom
"IC12","STM32H743VGT6","QFP50P1600X1600X160-100N",185.160000,-102.930000,-90.000000,bottom
"J4","X3157WS-98-9TV30","SAMTEC_PCIE-098-02-X-D-EMS3",102.812500,-81.700000,90.000000,bottom
"Q1","DMN6075S","SOT-23",251.875000,-101.022500,0.000000,bottom
"R9","4.7K","R_0402_1005Metric",171.400000,-101.150000,180.000000,bottom
"R10","4.7K","R_0402_1005Metric",174.600000,-103.850000,180.000000,bottom
"R11","49.9","R_0402_1005Metric",175.170000,-107.910000,0.000000,bottom
"R13","49.9","R_0402_1005Metric",198.200000,-106.550000,-90.000000,bottom
"R14","49.9","R_0402_1005Metric",196.850000,-106.500000,-90.000000,bottom
"R15","49.9","R_0402_1005Metric",194.950000,-106.750000,0.000000,bottom
"R17","22","R_0402_1005Metric",191.200000,-113.110000,90.000000,bottom
"R18","22","R_0402_1005Metric",195.240000,-94.200000,180.000000,bottom
"R19","22","R_0402_1005Metric",192.250000,-113.050000,90.000000,bottom
"R20","22","R_0402_1005Metric",197.410000,-96.880000,180.000000,bottom
"R21","100","R_0402_1005Metric",240.560000,-127.070000,0.000000,bottom
"R23","22","R_0402_1005Metric",197.410000,-98.470000,180.000000,bottom
"R24","22","R_0402_1005Metric",197.410000,-99.680000,180.000000,bottom
"R25","24.9K","R_1206_3216Metric",218.436000,-54.385000,90.000000,bottom
"R26","249K","R_0805_2012Metric",222.602500,-55.310000,0.000000,bottom
"R32","3.3","R_0402_1005Metric",238.190000,-51.580000,180.000000,bottom
"R47","7.68k","R_0402_1005Metric",141.400000,-54.075000,90.000000,bottom
"R48","10K","R_0402_1005Metric",142.184999,-52.550000,0.000000,bottom
"R53","4K7","R_0402_1005Metric",166.750000,-63.422500,180.000000,bottom
"R55","4K7","R_0402_1005Metric",164.600000,-104.100000,180.000000,bottom
"R67","10K","R_0402_1005Metric",252.360000,-126.860000,90.000000,bottom
"R68","100","R_0402_1005Metric",211.875000,-91.450000,0.000000,bottom
"R72","49.9","R_0402_1005Metric",134.210000,-100.060000,90.000000,bottom
"R75","1K","R_0402_1005Metric",195.200000,-95.600000,180.000000,bottom
"R78","75","R_0603_1608Metric",251.750000,-68.900000,-90.000000,bottom
"R79","75","R_0603_1608Metric",250.170000,-68.900000,-90.000000,bottom
"R80","75","R_0603_1608Metric",253.300000,-68.900000,90.000000,bottom
"R81","75","R_0603_1608Metric",254.920000,-68.900000,90.000000,bottom
"R82","270","R_0402_1005Metric",245.750000,-78.540000,-90.000000,bottom
"R83","270","R_0402_1005Metric",246.920000,-78.540000,-90.000000,bottom
"R84","240","R_0402_1005Metric",139.660000,-83.270000,45.000000,bottom
"R85","4K7","R_0402_1005Metric",137.470000,-91.240000,45.000000,bottom
"R86","4K7","R_0402_1005Metric",133.560000,-84.640000,90.000000,bottom
"R87","100","R_0402_1005Metric",138.259376,-82.429376,-45.000000,bottom
"R90","240","R_0402_1005Metric",138.918717,-117.600342,45.000000,bottom
"R91","4K7","R_0402_1005Metric",136.728717,-125.570342,45.000000,bottom
"R92","4K7","R_0402_1005Metric",132.818717,-118.970342,90.000000,bottom
"R93","100","R_0402_1005Metric",137.518093,-116.759718,-45.000000,bottom
"R96","10K","R_0402_1005Metric",233.630000,-123.310000,-90.000000,bottom
"R99","22","R_0402_1005Metric",266.325000,-116.470000,90.000000,bottom
"R100","22","R_0402_1005Metric",266.325000,-114.470000,90.000000,bottom
"R101","4.7K","R_0402_1005Metric",257.250000,-118.240000,180.000000,bottom
"R102","0","R_0402_1005Metric",185.740000,-92.970000,0.000000,bottom
"R105","10K","R_0402_1005Metric",175.800000,-99.750000,90.000000,bottom
"R106","10K","R_0402_1005Metric",196.300000,-100.700000,180.000000,bottom
"R113","10K","R_0402_1005Metric",189.650000,-113.090000,-90.000000,bottom
"R122","10","R_0402_1005Metric",239.590000,-111.210000,90.000000,bottom
"R125","100K","R_0402_1005Metric",250.800000,-125.330000,-90.000000,bottom
"R126","100K","R_0402_1005Metric",249.690000,-125.330000,-90.000000,bottom
"R127","5.6K","R_0402_1005Metric",252.740000,-124.980000,0.000000,bottom
"R132","10K","R_0402_1005Metric",211.825000,-92.925000,180.000000,bottom
"R133","10K","R_0402_1005Metric",206.720000,-91.600000,180.000000,bottom
"R137","10K","R_0402_1005Metric",206.720000,-93.260000,180.000000,bottom
"R143","0","R_0603_1608Metric",253.735000,-87.730000,0.000000,bottom
"R144","75","R_0603_1608Metric",256.800000,-87.700000,180.000000,bottom
"R145","75","R_0603_1608Metric",256.780000,-89.720000,180.000000,bottom
"R150","270","R_0402_1005Metric",251.390000,-89.070000,180.000000,bottom
"R151","270","R_0402_1005Metric",252.970000,-90.170000,180.000000,bottom
"R156","10K","R_0402_1005Metric",174.030000,-80.900000,-90.000000,bottom
"R157","49.9","R_0402_1005Metric",138.290000,-63.790000,0.000000,bottom
"R158","49.9","R_0402_1005Metric",139.930000,-66.440000,90.000000,bottom
"R166","49.9","R_0402_1005Metric",139.720000,-103.390000,90.000000,bottom
"U1","SZMMSZ4702T1G","SOD-123_ONS",222.563600,-52.910000,180.000000,bottom
"U2","SI2324DS-T1-GE3","SOT_4DS-T1-GE3_VIS",218.532900,-59.075000,-90.000000,bottom
"U6","CH340E","MSOP-10-1EP_3x3mm_P0.5mm_EP1.68x1.88mm",259.365000,-115.880000,180.000000,bottom
"U8","LM386","SOP-8_3.9x4.9mm_P1.27mm",236.285000,-108.695000,-90.000000,bottom
"X3","OT2EL4C4JI-111OLP-50M","Oscillator_SMD_Abracon_ASE-4Pin_3.2x2.5mm",137.250000,-66.130000,0.000000,bottom
"X4","OT2EL4C4JI-111OLP-50M","Oscillator_SMD_Abracon_ASE-4Pin_3.2x2.5mm",136.930000,-103.060000,0.000000,bottom
"Y1","X503220MSB2GI","X503220MSB2GI",184.400000,-90.200000,0.000000,bottom
"C4","10uF/100V","C_1206_3216Metric",225.430000,-52.030000,90.000000,top
"C5","4.7uF","C_1206_3216Metric",228.101250,-52.030000,90.000000,top
"C6","4.7uF","C_1206_3216Metric",230.772500,-52.030000,90.000000,top
"C7","10nF","C_0603_1608Metric",233.023750,-52.840000,90.000000,top
"C8","22pF","C_0402_1005Metric",243.750000,-55.040000,0.000000,top
"C9","4.7nF","C_0402_1005Metric",243.750000,-56.150000,0.000000,top
"C11","10nF","C_0402_1005Metric",233.950000,-45.375000,-90.000000,top
"C12","10uF","C_1206_3216Metric",232.220000,-45.375000,-90.000000,top
"C13","10uF","C_1206_3216Metric",229.210000,-45.375000,-90.000000,top
"C14","10uF","C_1206_3216Metric",226.200000,-45.525000,-90.000000,top
"C15","10uF","C_1206_3216Metric",223.190000,-45.485000,-90.000000,top
"C16","100nF","C_0402_1005Metric",232.520000,-39.200000,180.000000,top
"C17","33uF","EEE0JA152UAP",178.100000,-47.350000,-90.000000,top
"C18","100nF","C_0402_1005Metric",165.330000,-44.450000,-90.000000,top
"C19","1uF","C_0402_1005Metric",157.600000,-49.600000,-90.000000,top
"C20","4.7uF","C_0402_1005Metric",160.200000,-49.200000,-90.000000,top
"C21","10uF","C_1206_3216Metric",194.605000,-57.610192,-90.000000,top
"C22","10uF","C_1206_3216Metric",210.320000,-63.400000,-90.000000,top
"C24","10uF","C_1206_3216Metric",197.095000,-57.610192,-90.000000,top
"C25","10uF","C_1206_3216Metric",212.810000,-63.420000,-90.000000,top
"C27","100nF","C_0402_1005Metric",192.745000,-56.220192,-90.000000,top
"C28","100nF","C_0402_1005Metric",208.460000,-62.010000,-90.000000,top
"C29","4.7uF","C_0603_1608Metric",211.800000,-44.225000,90.000000,top
"C30","470nF","C_0402_1005Metric",188.285000,-46.120192,-90.000000,top
"C32","470nF","C_0402_1005Metric",204.500000,-52.000000,-90.000000,top
"C35","100nF","C_0402_1005Metric",191.280000,-56.200000,0.000000,top
"C36","100nF","C_0402_1005Metric",207.000000,-62.030000,90.000000,top
"C37","100nF","C_0402_1005Metric",159.100000,-40.300000,90.000000,top
"C38","10nF","C_0402_1005Metric",182.032500,-57.850000,90.000000,top
"C40","10nF","C_0402_1005Metric",206.330000,-37.600000,0.000000,top
"C41","10pF","C_0402_1005Metric",190.465000,-46.120192,-90.000000,top
"C42","47uF","C_0805_2012Metric",179.197500,-57.850000,90.000000,top
"C43","5.1pF","C_0402_1005Metric",206.690000,-52.200000,-90.000000,top
"C45","22uF","C_0603_1608Metric",206.900000,-38.890000,180.000000,top
"C46","47uF","C_0805_2012Metric",177.000000,-57.850000,90.000000,top
"C48","22uF","C_0603_1608Metric",206.900000,-40.570000,180.000000,top
"C49","47uF","C_0805_2012Metric",172.605000,-57.850000,90.000000,top
"C50","10nF","C_0402_1005Metric",192.005000,-60.340000,0.000000,top
"C51","10nF","C_0402_1005Metric",207.730000,-65.810000,0.000000,top
"C52","47uF","C_0805_2012Metric",174.802500,-57.850000,90.000000,top
"C53","22uF","C_0603_1608Metric",208.300000,-67.190000,180.000000,top
"C54","22uF","C_0603_1608Metric",192.575000,-63.430000,180.000000,top
"C55","100nF","C_0402_1005Metric",180.875000,-57.850000,-90.000000,top
"C56","22uF","C_0603_1608Metric",208.300000,-69.000000,180.000000,top
"C57","22uF","C_0603_1608Metric",192.575000,-61.800000,180.000000,top
"C58","100nF","C_0402_1005Metric",165.140000,-72.950000,-90.000000,top
"C60","100nF","C_0402_1005Metric",161.580000,-112.090000,-90.000000,top
"C62","47uF","C_0805_2012Metric",197.395000,-84.405000,0.000000,top
"C63","100nF","C_0402_1005Metric",214.610000,-86.475000,90.000000,top
"C64","100nF","C_0402_1005Metric",203.630000,-85.030000,-90.000000,top
"C65","100nF","C_0402_1005Metric",215.710000,-86.475000,90.000000,top
"C66","470pF","C_0402_1005Metric",213.780000,-93.300000,90.000000,top
"C67","100nF","C_0402_1005Metric",216.810000,-86.475000,90.000000,top
"C68","100nF","C_0402_1005Metric",209.270000,-75.290000,90.000000,top
"C69","4.7uF","C_0402_1005Metric",212.800000,-78.700000,0.000000,top
"C70","100nF","C_0402_1005Metric",208.325000,-85.250000,-90.000000,top
"C71","100nF","C_0402_1005Metric",205.900000,-89.800000,90.000000,top
"C72","4.7uF","C_0402_1005Metric",210.450000,-85.475000,-90.000000,top
"C77","100nF","C_0402_1005Metric",139.200000,-82.750000,135.000000,top
"C80","47nF","C_0402_1005Metric",133.700000,-77.600000,135.000000,top
"C82","47nF","C_0402_1005Metric",128.450000,-85.900000,135.000000,top
"C84","100nF","C_0402_1005Metric",141.700000,-81.050000,45.000000,top
"C86","47nF","C_0402_1005Metric",129.800000,-87.250000,135.000000,top
"C87","47nF","C_0402_1005Metric",136.350000,-80.300000,135.000000,top
"C88","47nF","C_0402_1005Metric",126.050000,-83.550000,-45.000000,top
"C92","470nF","C_0402_1005Metric",130.650000,-76.900000,45.000000,top
"C93","47nF","C_0402_1005Metric",141.900000,-85.800000,-45.000000,top
"C94","47nF","C_0402_1005Metric",140.450000,-84.300000,-45.000000,top
"C95","100nF","C_0402_1005Metric",142.050000,-83.750000,-135.000000,top
"C98","4.7uF","C_0603_1608Metric",137.930000,-72.840000,180.000000,top
"C100","100nF","C_0402_1005Metric",138.458717,-117.080342,135.000000,top
"C103","47nF","C_0402_1005Metric",132.958717,-111.930342,135.000000,top
"C105","47nF","C_0402_1005Metric",127.708717,-120.230342,135.000000,top
"C107","100nF","C_0402_1005Metric",140.958717,-115.380342,45.000000,top
"C111","47nF","C_0402_1005Metric",125.308717,-117.880342,-45.000000,top
"C112","470nF","C_0402_1005Metric",129.870000,-111.300000,45.000000,top
"C115","4.7uF","C_0603_1608Metric",137.980000,-109.330000,180.000000,top
"C116","47nF","C_0402_1005Metric",141.158717,-120.130342,-45.000000,top
"C117","47nF","C_0402_1005Metric",139.708717,-118.630342,-45.000000,top
"C118","100nF","C_0402_1005Metric",141.308717,-118.080342,-135.000000,top
"C121","4.7uF","C_0603_1608Metric",125.008717,-115.580342,45.000000,top
"C125","22uF","C_0603_1608Metric",146.140000,-88.440000,90.000000,top
"C126","22uF","C_0603_1608Metric",159.900000,-88.280000,90.000000,top
"C131","100nF","C_0402_1005Metric",183.800000,-97.200000,180.000000,top
"C142","10uF","C_0402_1005Metric",112.340000,-45.270000,90.000000,top
"C144","100nF","C_0402_1005Metric",111.330000,-45.280000,90.000000,top
"C145","20p","C_0402_1005Metric",219.725000,-119.825000,-90.000000,top
"C146","10uF","C_0402_1005Metric",209.170000,-119.030000,90.000000,top
"C147","10uF","C_0402_1005Metric",210.330000,-119.030000,90.000000,top
"C148","100nF","C_0402_1005Metric",211.470000,-119.030000,90.000000,top
"C149","20p","C_0402_1005Metric",215.450000,-120.200000,-90.000000,top
"C150","10nF","C_0402_1005Metric",213.970000,-119.880000,-90.000000,top
"C151","10nF","C_0402_1005Metric",212.950000,-119.880000,-90.000000,top
"C152","100nF","C_0402_1005Metric",219.400000,-114.900000,0.000000,top
"C153","470nF","C_0402_1005Metric",219.350000,-113.350000,0.000000,top
"C154","100nF","C_0402_1005Metric",215.960000,-112.150000,90.000000,top
"C155","0.8pF","C_0402_1005Metric",211.890000,-116.560000,-90.000000,top
"C156","1.2pF","C_0402_1005Metric",210.890000,-116.570000,-90.000000,top
"C157","0.5pF","C_0402_1005Metric",209.380000,-113.760000,180.000000,top
"C158","1.2pF","C_0402_1005Metric",208.920000,-116.570000,-90.000000,top
"C159","100pF","C_0402_1005Metric",207.330000,-114.840000,0.000000,top
"C161","10uF","C_0603_1608Metric",235.165000,-109.505000,0.000000,top
"C163","100pF","C_0402_1005Metric",243.060000,-124.550000,-90.000000,top
"C164","100nF","C_0402_1005Metric",249.690000,-125.330000,90.000000,top
"C165","UUD1A221MCL1GS","CAPAE660X800N",244.850000,-109.550000,0.000000,top
"C166","10uF","C_0603_1608Metric",245.275000,-121.550000,180.000000,top
"C168","10p","C_0402_1005Metric",216.400000,-98.800000,0.000000,top
"C169","100nF","C_0402_1005Metric",214.450000,-100.420000,0.000000,top
"C170","47uF","C_0805_2012Metric",203.250000,-102.480000,90.000000,top
"C171","1uF","C_0402_1005Metric",212.780000,-93.310000,90.000000,top
"C172","100nF","C_0402_1005Metric",201.520000,-103.270000,90.000000,top
"C173","100nF","C_0402_1005Metric",211.370000,-93.520000,90.000000,top
"C174","100nF","C_0402_1005Metric",209.860000,-101.120000,-90.000000,top
"C175","4.7uF","C_0603_1608Metric",208.490000,-101.690000,-90.000000,top
"C176","10p","C_0402_1005Metric",218.400000,-93.600000,90.000000,top
"C177","10p/50V","C_0603_1608Metric",226.550000,-95.400000,180.000000,top
"C178","10p/50V","C_0603_1608Metric",230.400000,-95.400000,0.000000,top
"C179","10p/50V","C_0603_1608Metric",231.350000,-100.400000,180.000000,top
"C180","10p/50V","C_0603_1608Metric",234.600000,-100.400000,0.000000,top
"C186","4.7uF","C_0603_1608Metric",123.958717,-114.530342,45.000000,top
"C202","100nF","C_0402_1005Metric",168.600000,-97.320000,90.000000,top
"C204","100nF","C_0402_1005Metric",145.600000,-51.420000,-90.000000,top
"C225","470nF","C_0402_1005Metric",145.400000,-61.150000,90.000000,top
"C244","470nF","C_0402_1005Metric",157.640000,-76.620000,0.000000,top
"C248","100uF","C_1206_3216Metric",160.750000,-62.950000,0.000000,top
"C250","4.7uF","C_0402_1005Metric",157.640000,-77.780000,0.000000,top
"C265","470nF","C_0402_1005Metric",139.590000,-69.360000,180.000000,top
"C352","100nF","C_0402_1005Metric",209.375000,-85.250000,-90.000000,top
"C354","2.2uF","C_0805_2012Metric",169.590000,-44.450000,-90.000000,top
"C355","2.2uF","C_0805_2012Metric",167.200000,-44.450000,-90.000000,top
"C356","100nF","C_0402_1005Metric",159.200000,-49.200000,-90.000000,top
"C357","100nF","C_0402_1005Metric",213.210000,-82.220000,0.000000,top
"C358","100nF","C_0402_1005Metric",202.580000,-79.050000,180.000000,top
"C359","100nF","C_0402_1005Metric",202.745000,-82.970000,180.000000,top
"C360","100nF","C_0402_1005Metric",205.700000,-85.030000,-90.000000,top
"C361","100nF","C_0402_1005Metric",213.250000,-80.580000,0.000000,top
"C363","100nF","C_0402_1005Metric",206.420000,-75.660000,180.000000,top
"C364","100nF","C_0402_1005Metric",204.660000,-85.030000,-90.000000,top
"C365","4.7uF","C_0603_1608Metric",125.750000,-81.250000,45.000000,top
"C366","4.7uF","C_0603_1608Metric",124.700000,-80.200000,45.000000,top
"D1","SDT5A60SA-13","SDT5A60SA13",242.600000,-49.800000,0.000000,top
"D2","VSSAF5L45HM3_A_H","SODFL5226X100N",230.360000,-41.325000,180.000000,top
"D3","VSSAF5L45HM3_A_H","SODFL5226X100N",251.625000,-53.000000,0.000000,top
"D7","A-SP192YR6C-C01-4T","LED_0603_1608Metric",198.787500,-107.540000,180.000000,top
"D8","A-SP192DGHC-C01-4T","LED_0603_1608Metric",198.787500,-105.600000,180.000000,top
"D9","A-SP192GS1D-C01-4T","LED_0603_1608Metric",198.600000,-103.400000,180.000000,top
"D10","D5V0F4U6SO-7","SOT95P285X140-6N",234.400000,-93.800000,-90.000000,top
"D13","A-SP192YR6C-C01-4T","LED_0603_1608Metric",136.275000,-51.987499,90.000000,top
"D14","A-SP192YR6C-C01-4T","LED_0603_1608Metric",125.155000,-102.095000,90.000000,top
"D15","A-SP192YR6C-C01-4T","LED_0603_1608Metric",139.125000,-51.987499,90.000000,top
"D16","A-SP192YR6C-C01-4T","LED_0603_1608Metric",121.865000,-102.095000,90.000000,top
"F2","Polyfuse 2A","BSMD1812",251.625000,-49.200000,0.000000,top
"FB2","BLM15BD601SH1D","NFZ15SG152SN10B",109.770000,-45.380000,-90.000000,top
"FB3","BLM15BD601SH1D","NFZ15SG152SN10B",207.380000,-118.530000,0.000000,top
"IC1","RT6365GSP","SOIC127P600X175-9N",237.800000,-55.040000,0.000000,top
"IC2","TPS56528DDAR","SOIC127P600X170-9N",190.525000,-51.240192,-90.000000,top
"IC4","TPS56528DDAR","SOIC127P600X170-9N",206.240000,-57.080486,-90.000000,top
"IC6","TS3A5018DBQR","SOP64P600X175-16N",167.940000,-69.172500,180.000000,top
"IC8","TS3A5018DBQR","SOP64P600X175-16N",165.910000,-109.402500,180.000000,top
"IC9","MT41K256M16TW-107_P","BGA96C80P9X16_800X1400X120",133.778995,-84.543848,45.000000,top
"IC10","MT41K256M16TW-107_P","BGA96C80P9X16_800X1400X120",133.037712,-118.874190,45.000000,top
"IC13","SX1280IMLTRT","QFN50P400X400X100-25N-D",215.700000,-115.860000,90.000000,top
"IC14","LAN8742AI-CZ-TR","QFN50P400X400X100-25N-D",211.140000,-97.280000,180.000000,top
"J5","Conn_02x10_Odd_Even","PinHeader_2x10_P1.00mm_Vertical_SMD",152.480000,-88.170000,90.000000,top
"J6","Conn_02x10_Odd_Even","PinHeader_2x10_P1.00mm_Vertical_SMD",166.210000,-88.250000,90.000000,top
"J8","ZX-PZ1.27-2-5PWZ","PinHeader_2x05_P1.27mm_Vertical_SMD",185.450000,-117.950000,0.000000,top
"J10","ZX-PZ1.27-2-5PWZ","PinHeader_2x05_P1.27mm_Vertical_SMD",187.560000,-103.360000,90.000000,top
"J11","Conn_Coaxial","U.FL_Hirose_U.FL-R-SMT-1_Vertical",203.360000,-114.840000,180.000000,top
"J13","Conn_01x06_Socket","PinHeader_2x03_P1.27mm_Vertical_SMD",148.800000,-49.800000,-90.000000,top
"J15","Conn_01x06_Socket","PinHeader_2x03_P1.27mm_Vertical_SMD",165.150000,-98.750000,90.000000,top
"L1","10uH","0630CDMCDDS-100MC",238.975000,-43.800000,180.000000,top
"L2","15uH","SMDRS6028-150N",206.400000,-45.100000,90.000000,top
"L3","360nH","INDPM109103X400N",166.200000,-54.400000,-90.000000,top
"L4","2.2uH","IND_IHLP-2525CZ_VIS",131.930100,-44.800000,180.000000,top
"L5","2.2uH","IND_IHLP-2525CZ_VIS",186.600000,-59.545700,90.000000,top
"L6","2.2uH","IND_IHLP-2525CZ_VIS",202.600000,-65.280000,90.000000,top
"L7","2.2uH","L_1206_3216Metric",212.820000,-86.370000,90.000000,top
"L8","BLM41PG102SN1L","IND_BLM41_1806_MUR-M",199.195000,-87.080000,180.000000,top
"L9","3nH","L_0402_1005Metric",211.450000,-114.850000,180.000000,top
"L10","2.5nH","L_0402_1005Metric",209.380000,-114.850000,180.000000,top
"L11","BLM41PG102SN1L","IND_BLM41_1806_MUR-M",205.920000,-100.721301,-90.000000,top
"R1","49.9","R_0402_1005Metric",159.570000,-70.170000,0.000000,top
"R2","49.9","R_0402_1005Metric",157.640000,-69.160000,0.000000,top
"R3","49.9","R_0402_1005Metric",112.150000,-111.800000,-90.000000,top
"R4","49.9","R_0402_1005Metric",173.080000,-68.330000,-90.000000,top
"R5","4K7","R_0402_1005Metric",136.265000,-49.900000,0.000000,top
"R6","49.9","R_0402_1005Metric",158.900000,-110.700000,180.000000,top
"R7","49.9","R_0402_1005Metric",157.870000,-108.590000,180.000000,top
"R8","49.9","R_0402_1005Metric",170.300000,-108.580000,90.000000,top
"R12","49.9","R_0402_1005Metric",195.700000,-101.750000,180.000000,top
"R16","49.9","R_0402_1005Metric",188.200000,-92.800000,0.000000,top
"R22","49.9","R_0402_1005Metric",214.900000,-111.300000,-90.000000,top
"R27","51K","R_0603_1608Metric",223.425000,-51.210000,90.000000,top
"R28","590K","R_0402_1005Metric",232.072777,-55.640000,-90.000000,top
"R29","18K","R_0402_1005Metric",233.119721,-55.640000,90.000000,top
"R30","18K","R_0402_1005Metric",242.210000,-55.610000,90.000000,top
"R31","120K","R_0402_1005Metric",232.600000,-57.200000,0.000000,top
"R33","180K","R_0402_1005Metric",243.350000,-58.730000,0.000000,top
"R34","12K","R_0402_1005Metric",243.350000,-57.650000,0.000000,top
"R35","100K","R_0402_1005Metric",153.510000,-42.680000,0.000000,top
"R36","562K","R_0402_1005Metric",153.910000,-48.930000,-90.000000,top
"R37","86.6K","R_0402_1005Metric",155.120000,-48.920000,90.000000,top
"R38","5.49K","R_0402_1005Metric",153.510000,-46.550000,0.000000,top
"R39","2.32K","R_0402_1005Metric",153.510000,-45.260000,0.000000,top
"R40","3.48K","R_0402_1005Metric",153.510000,-43.970000,0.000000,top
"R41","100K","R_0402_1005Metric",187.275000,-46.100192,-90.000000,top
"R42","100K","R_0402_1005Metric",213.800000,-44.800000,-90.000000,top
"R43","100K","R_0402_1005Metric",203.450000,-52.000000,-90.000000,top
"R44","3.3","R_0402_1005Metric",160.200000,-40.300000,90.000000,top
"R45","11K","R_0402_1005Metric",210.910000,-50.957500,180.000000,top
"R46","2.1K","R_0402_1005Metric",213.130000,-50.947500,180.000000,top
"R49","100K","R_0402_1005Metric",191.515000,-46.100192,-90.000000,top
"R50","49.9K","R_0402_1005Metric",189.375000,-46.100192,-90.000000,top
"R51","226K","R_0402_1005Metric",205.690000,-52.200000,90.000000,top
"R52","49.9K","R_0402_1005Metric",207.700000,-52.200000,-90.000000,top
"R54","4K7","R_0402_1005Metric",139.065000,-49.900000,0.000000,top
"R56","4K7","R_0402_1005Metric",125.150000,-99.925000,0.000000,top
"R57","4.7K","R_0402_1005Metric",210.870000,-73.755000,180.000000,top
"R58","4.7K","R_0402_1005Metric",208.970000,-71.220000,0.000000,top
"R59","4.7K","R_0402_1005Metric",198.080000,-80.740000,0.000000,top
"R60","4.7K","R_0402_1005Metric",212.645000,-75.305000,-90.000000,top
"R61","4.7K","R_0402_1005Metric",206.765000,-71.220000,0.000000,top
"R62","4.7K","R_0402_1005Metric",204.560000,-71.220000,180.000000,top
"R63","100","R_0402_1005Metric",211.320000,-75.305000,-90.000000,top
"R64","100","R_0402_1005Metric",208.130000,-72.810000,-90.000000,top
"R65","100","R_0402_1005Metric",206.585000,-72.810000,-90.000000,top
"R66","100","R_0402_1005Metric",205.460000,-72.810000,-90.000000,top
"R69","100","R_0402_1005Metric",206.720000,-92.200000,0.000000,top
"R70","100","R_0402_1005Metric",206.720000,-93.400000,180.000000,top
"R71","100","R_0402_1005Metric",249.535000,-99.870000,0.000000,top
"R73","49.9","R_0402_1005Metric",207.320000,-85.050000,-90.000000,top
"R74","4.7K","R_0402_1005Metric",198.050000,-81.830000,0.000000,top
"R76","4.7K","R_0402_1005Metric",200.960000,-82.030000,0.000000,top
"R77","1.5K","R_0402_1005Metric",199.495000,-79.005000,-90.000000,top
"R88","1K","R_0402_1005Metric",141.000000,-82.500000,135.000000,top
"R89","1K","R_0402_1005Metric",142.400000,-81.800000,45.000000,top
"R94","1K","R_0402_1005Metric",140.258717,-116.830342,135.000000,top
"R95","1K","R_0402_1005Metric",141.658717,-116.130342,45.000000,top
"R97","5.1K","R_0402_1005Metric",261.475000,-117.480000,-90.000000,top
"R98","5.1K","R_0402_1005Metric",261.475000,-113.470000,90.000000,top
"R103","4K7","R_0402_1005Metric",121.875000,-99.925000,0.000000,top
"R104","10K","R_0402_1005Metric",249.535000,-100.980000,180.000000,top
"R107","4.7K","R_0402_1005Metric",200.550000,-79.000000,-90.000000,top
"R108","680","R_0402_1005Metric",195.650000,-105.075000,0.000000,top
"R109","270","R_0402_1005Metric",195.850000,-103.975000,0.000000,top
"R110","270","R_0402_1005Metric",195.700000,-102.950000,0.000000,top
"R111","10K","R_0402_1005Metric",181.230000,-107.000000,-90.000000,top
"R112","10K","R_0402_1005Metric",182.660000,-106.990000,-90.000000,top
"R114","4.7K","R_0402_1005Metric",187.530000,-109.120000,-90.000000,top
"R115","4.7K","R_0402_1005Metric",188.820000,-109.120000,-90.000000,top
"R116","4.7K","R_0402_1005Metric",186.280000,-109.120000,-90.000000,top
"R117","4.7K","R_0402_1005Metric",114.500000,-48.980000,-90.000000,top
"R118","4.7K","R_0402_1005Metric",116.510000,-48.940000,-90.000000,top
"R119","4.7K","R_0402_1005Metric",187.250000,-97.610000,180.000000,top
"R120","4.7K","R_0402_1005Metric",189.360000,-97.580000,180.000000,top
"R121","1.2K","R_0402_1005Metric",234.615000,-108.135000,0.000000,top
"R123","51K","R_0603_1608Metric",244.440000,-124.590000,-90.000000,top
"R124","10K","R_0402_1005Metric",244.794999,-120.259998,180.000000,top
"R134","12.1K","R_0402_1005Metric",213.000000,-101.310000,90.000000,top
"R135","10K","R_0402_1005Metric",209.500000,-93.000000,180.000000,top
"R136","1.5K","R_0402_1005Metric",206.720000,-94.580000,180.000000,top
"R139","49.9","R_0402_1005Metric",227.100000,-97.160000,180.000000,top
"R140","49.9","R_0402_1005Metric",229.850000,-97.160000,0.000000,top
"R141","49.9","R_0402_1005Metric",231.900000,-101.800000,180.000000,top
"R142","49.9","R_0402_1005Metric",234.000000,-101.800000,0.000000,top
"R152","100","R_0402_1005Metric",150.340000,-45.320000,0.000000,top
"R153","100","R_0402_1005Metric",150.590000,-54.360000,0.000000,top
"R154","100","R_0402_1005Metric",148.270000,-45.350000,180.000000,top
"R155","100","R_0402_1005Metric",148.300000,-54.470000,180.000000,top
"R159","49.9","R_0402_1005Metric",135.940000,-58.450000,0.000000,top
"R160","100","R_0402_1005Metric",162.880000,-103.060000,180.000000,top
"R161","100","R_0402_1005Metric",163.350000,-94.590000,180.000000,top
"R162","100","R_0402_1005Metric",165.020000,-103.060000,180.000000,top
"R163","100","R_0402_1005Metric",165.640000,-94.590000,180.000000,top
"R164","10K","R_0402_1005Metric",173.950000,-118.150000,90.000000,top
"R167","49.9","R_0402_1005Metric",135.800000,-99.000000,0.000000,top
"S1","B3FS-1002P","B3FS-1000P",235.210000,-122.910000,-90.000000,top
"S2","B3FS-1002P","B3FS-1000P",168.600000,-80.550000,180.000000,top
"S3","B3FS-1002P","B3FS-1000P",167.780000,-119.900000,0.000000,top
"U3","SIC453ED-T1-GE3","POWERPAK_MLP34-57_VIS",160.240000,-44.590000,-90.000000,top
"U4","JW5026","SOT-23-6",211.910000,-48.160000,90.000000,top
"U7","AHT20","AHT20",115.500000,-45.800000,0.000000,top
"U9","LM321","SOT-23-5",247.170000,-124.680000,-90.000000,top
"U10","XC7A100T-CSG324","BGA324C80P18X18_1500X1500X150",148.550000,-69.880000,0.000000,top
"U11","XC7A100T-CSG324","BGA324C80P18X18_1500X1500X150",148.080000,-106.620000,0.000000,top
"U12","RTL8211E-VB-CG","QFN48_6X6X0P85_RTK",207.670000,-80.230000,180.000000,top
"X1","OT2EL4C4JI-111OLP-50M","Oscillator_SMD_Abracon_ASE-4Pin_3.2x2.5mm",208.145000,-88.755000,90.000000,top
"Y2","XC21M4-52.000-F10NNHPL","XC21M4-52.000-F10NNHPL",217.775000,-119.825000,180.000000,top
"Y3","25MHz","Crystal_SMD_3225-4Pin_3.2x2.5mm",217.000000,-96.430000,180.000000,top
"Z1","MMSZ5255BT1G","SOD3716X135N",220.700000,-54.050000,90.000000,top
