<?xml version="1.0" encoding="UTF-8"?>
<GenRun Id="video_clk_synth_1" LaunchPart="xc7a100tfgg676-1" LaunchTime="1717266167">
  <File Type="PA-TCL" Name="video_clk.tcl"/>
  <File Type="REPORTS-TCL" Name="video_clk_reports.tcl"/>
  <File Type="RDS-RDS" Name="video_clk.vds"/>
  <File Type="RDS-UTIL" Name="video_clk_utilization_synth.rpt"/>
  <File Type="RDS-UTIL-PB" Name="video_clk_utilization_synth.pb"/>
  <File Type="RDS-DCP" Name="video_clk.dcp"/>
  <FileSet Name="sources" Type="BlockSrcs" RelSrcDir="$PSRCDIR/video_clk" RelGenDir="$PGENDIR/video_clk">
    <File Path="$PSRCDIR/sources_1/ip/video_clk/video_clk.xci">
      <FileInfo>
        <Attr Name="UsedIn" Val="synthesis"/>
        <Attr Name="UsedIn" Val="implementation"/>
        <Attr Name="UsedIn" Val="simulation"/>
      </FileInfo>
    </File>
    <Config>
      <Option Name="TopModule" Val="video_clk"/>
      <Option Name="UseBlackboxStub" Val="1"/>
    </Config>
  </FileSet>
  <FileSet Name="constrs_in" Type="BlockSrcs" RelSrcDir="$PSRCDIR/video_clk" RelGenDir="$PGENDIR/video_clk">
    <File Path="$PSRCDIR/sources_1/ip/video_clk/video_clk.xci">
      <FileInfo>
        <Attr Name="UsedIn" Val="synthesis"/>
        <Attr Name="UsedIn" Val="implementation"/>
        <Attr Name="UsedIn" Val="simulation"/>
      </FileInfo>
    </File>
    <Config>
      <Option Name="TopModule" Val="video_clk"/>
      <Option Name="UseBlackboxStub" Val="1"/>
    </Config>
  </FileSet>
  <FileSet Name="utils" Type="Utils" RelSrcDir="$PSRCDIR/utils_1" RelGenDir="$PGENDIR/utils_1">
    <Filter Type="Utils"/>
    <Config>
      <Option Name="TopAutoSet" Val="TRUE"/>
    </Config>
  </FileSet>
  <Strategy Version="1" Minor="2">
    <StratHandle Name="Vivado Synthesis Defaults" Flow="Vivado Synthesis 2024"/>
    <Step Id="synth_design"/>
  </Strategy>
</GenRun>
