<?xml version="1.0" encoding="utf-8"?>
<!--/3915708/763899/2.50/23/4/Connector/-->
<quadcept_library>
  <setting unit="mil" />
  <textstyle name="Default" height="47.244094488189" strokewidth="7.8740157480315" charwidth="47.244094488189" />
  <textstyle name="Dimension" height="19.6850393700787" strokewidth="0" charwidth="19.6850393700787" />
  <textstyle name="H127W0635TH00762" height="50" strokewidth="3" charwidth="25" />
  <textstyle name="H15W15TH02" height="59.0551181102362" strokewidth="7.8740157480315" charwidth="59.0551181102362" />
  <padstyle name="r260_30" surface="True" plated="False" isvia="False" nopaste="False" nomask="True" complex="False" holesize="0">
    <padshape layer="TOP" shape="rectangle" width="11.811023622047" height="102.36220472441" />
    <padshape layer="TOP_SOLDER_MASK" shape="rectangle" width="19.685039370078" height="110.23622047244" />
    <padshape layer="TOP_SOLDER_PASTE" shape="rectangle" width="11.811023622047" height="102.36220472441" />
  </padstyle>
  <padstyle name="c427.5_h290.95" surface="False" plated="True" isvia="False" nopaste="True" nomask="True" complex="False" holesize="114.54724409449">
    <padshape layer="TOP" shape="round" width="168.30708661417" height="168.30708661417" />
    <padshape layer="TOP_SOLDER_MASK" shape="round" width="176.1811023622" height="176.1811023622" />
    <padshape layer="INNER" shape="round" width="168.30708661417" height="168.30708661417" />
    <padshape layer="BOTTOM" shape="round" width="168.30708661417" height="168.30708661417" />
    <padshape layer="BOTTOM_SOLDER_MASK" shape="round" width="176.1811023622" height="176.1811023622" />
  </padstyle>
  <padstyle name="c288_h199.2" surface="False" plated="True" isvia="False" nopaste="True" nomask="True" complex="False" holesize="78.425196850393">
    <padshape layer="TOP" shape="round" width="113.38582677165" height="113.38582677165" />
    <padshape layer="TOP_SOLDER_MASK" shape="round" width="121.25984251968" height="121.25984251968" />
    <padshape layer="INNER" shape="round" width="113.38582677165" height="113.38582677165" />
    <padshape layer="BOTTOM" shape="round" width="113.38582677165" height="113.38582677165" />
    <padshape layer="BOTTOM_SOLDER_MASK" shape="round" width="121.25984251968" height="121.25984251968" />
  </padstyle>
  <footprint name="2086581051" originx="0" originy="0" pickpointx="0" pickpointy="0">
    <pcbpin number="1" name="1" style="r260_30" originx="177.16535433071" originy="206.10236220472" rotation="0" />
    <pcbpin number="2" name="2" style="r260_30" originx="157.48031496063" originy="206.10236220472" rotation="0" />
    <pcbpin number="3" name="3" style="r260_30" originx="137.79527559055" originy="206.10236220472" rotation="0" />
    <pcbpin number="4" name="4" style="r260_30" originx="118.11023622047" originy="206.10236220472" rotation="0" />
    <pcbpin number="5" name="5" style="r260_30" originx="98.425196850392" originy="206.10236220472" rotation="0" />
    <pcbpin number="6" name="6" style="r260_30" originx="78.740157480314" originy="206.10236220472" rotation="0" />
    <pcbpin number="7" name="7" style="r260_30" originx="59.055118110235" originy="206.10236220472" rotation="0" />
    <pcbpin number="8" name="8" style="r260_30" originx="39.370078740157" originy="206.10236220472" rotation="0" />
    <pcbpin number="9" name="9" style="r260_30" originx="19.685039370078" originy="206.10236220472" rotation="0" />
    <pcbpin number="10" name="10" style="r260_30" originx="0" originy="206.10236220472" rotation="0" />
    <pcbpin number="11" name="11" style="r260_30" originx="-19.685039370078" originy="206.10236220472" rotation="0" />
    <pcbpin number="12" name="12" style="r260_30" originx="-39.370078740157" originy="206.10236220472" rotation="0" />
    <pcbpin number="13" name="13" style="r260_30" originx="-59.055118110235" originy="206.10236220472" rotation="0" />
    <pcbpin number="14" name="14" style="r260_30" originx="-78.740157480314" originy="206.10236220472" rotation="0" />
    <pcbpin number="15" name="15" style="r260_30" originx="-98.425196850392" originy="206.10236220472" rotation="0" />
    <pcbpin number="16" name="16" style="r260_30" originx="-118.11023622047" originy="206.10236220472" rotation="0" />
    <pcbpin number="17" name="17" style="r260_30" originx="-137.79527559055" originy="206.10236220472" rotation="0" />
    <pcbpin number="18" name="18" style="r260_30" originx="-157.48031496063" originy="206.10236220472" rotation="0" />
    <pcbpin number="19" name="19" style="r260_30" originx="-177.16535433071" originy="206.10236220472" rotation="0" />
    <pcbpin number="20" name="MH1" style="c427.5_h290.95" originx="-285.43307086614" originy="176.1811023622" rotation="90" />
    <pcbpin number="21" name="MH2" style="c427.5_h290.95" originx="285.43307086614" originy="176.1811023622" rotation="90" />
    <pcbpin number="22" name="MH3" style="c288_h199.2" originx="-285.43307086614" originy="-58.464566929133" rotation="90" />
    <pcbpin number="23" name="MH4" style="c288_h199.2" originx="285.43307086614" originy="-58.464566929133" rotation="90" />
    <line layer="TOP_ASSEMBLY" originx="-295.27559055118" originy="239.17322834645" endx="295.27559055118" endy="239.17322834645" width="7.8740157480314" />
    <line layer="TOP_ASSEMBLY" originx="295.27559055118" originy="239.17322834645" endx="295.27559055118" endy="-239.17322834645" width="7.8740157480314" />
    <line layer="TOP_ASSEMBLY" originx="295.27559055118" originy="-239.17322834645" endx="-295.27559055118" endy="-239.17322834645" width="7.8740157480314" />
    <line layer="TOP_ASSEMBLY" originx="-295.27559055118" originy="-239.17322834645" endx="-295.27559055118" endy="239.17322834645" width="7.8740157480314" />
    <line layer="TOP_PLACE_BOUND" originx="-408.93700787401" originy="318.89763779527" endx="408.93700787401" endy="318.89763779527" width="3.9370078740157" />
    <line layer="TOP_PLACE_BOUND" originx="408.93700787401" originy="318.89763779527" endx="408.93700787401" endy="-278.54330708661" width="3.9370078740157" />
    <line layer="TOP_PLACE_BOUND" originx="408.93700787401" originy="-278.54330708661" endx="-408.93700787401" endy="-278.54330708661" width="3.9370078740157" />
    <line layer="TOP_PLACE_BOUND" originx="-408.93700787401" originy="-278.54330708661" endx="-408.93700787401" endy="318.89763779527" width="3.9370078740157" />
    <line layer="TOP_SILKSCREEN" originx="-295.27559055118" originy="-137.79527559055" endx="-295.27559055118" endy="-239.17322834645" width="3.9370078740157" />
    <line layer="TOP_SILKSCREEN" originx="-295.27559055118" originy="-239.17322834645" endx="295.27559055118" endy="-239.17322834645" width="3.9370078740157" />
    <line layer="TOP_SILKSCREEN" originx="295.27559055118" originy="-239.17322834645" endx="295.27559055118" endy="-137.79527559055" width="3.9370078740157" />
    <line layer="TOP_SILKSCREEN" originx="177.16535433071" originy="279.52755905511" endx="177.16535433071" endy="279.52755905511" width="7.8740157480314" />
    <arc layer="TOP_SILKSCREEN" originx="177.16535433071" originy="283.46456692913" startangle="-90.0" sweepangle="180.0" radius="3.9370078740157" width="7.8740157480314" />
    <line layer="TOP_SILKSCREEN" originx="177.16535433071" originy="287.40157480315" endx="177.16535433071" endy="287.40157480315" width="7.8740157480314" />
    <arc layer="TOP_SILKSCREEN" originx="177.16535433071" originy="283.46456692913" startangle="90.0" sweepangle="180.0" radius="3.9370078740157" width="7.8740157480314" />
  </footprint>
  <symbol name="208658-1051" originx="0" originy="0">
    <line originx="200" originy="100" endx="800" endy="100" width="0" />
    <line originx="800" originy="-1200" endx="800" endy="100" width="0" />
    <line originx="800" originy="-1200" endx="200" endy="-1200" width="0" />
    <line originx="200" originy="100" endx="200" endy="-1200" width="0" />
    <sympin number="1" originx="200" originy="0" rotation="180" length="100" width="7.8740157480315" flipped="False">
      <text name="pinname" originx="230" originy="0" style="Default" rotation="0" justify="left" flipped="False" hidden="False" data="1" />
      <text name="pindes" originx="140" originy="20" style="Default" rotation="0" justify="lowerright" flipped="False" hidden="False" data="1" />
    </sympin>
    <sympin number="2" originx="200" originy="-100" rotation="180" length="100" width="7.8740157480315" flipped="False">
      <text name="pinname" originx="230" originy="-100" style="Default" rotation="0" justify="left" flipped="False" hidden="False" data="2" />
      <text name="pindes" originx="140" originy="-80" style="Default" rotation="0" justify="lowerright" flipped="False" hidden="False" data="2" />
    </sympin>
    <sympin number="3" originx="200" originy="-200" rotation="180" length="100" width="7.8740157480315" flipped="False">
      <text name="pinname" originx="230" originy="-200" style="Default" rotation="0" justify="left" flipped="False" hidden="False" data="3" />
      <text name="pindes" originx="140" originy="-180" style="Default" rotation="0" justify="lowerright" flipped="False" hidden="False" data="3" />
    </sympin>
    <sympin number="4" originx="200" originy="-300" rotation="180" length="100" width="7.8740157480315" flipped="False">
      <text name="pinname" originx="230" originy="-300" style="Default" rotation="0" justify="left" flipped="False" hidden="False" data="4" />
      <text name="pindes" originx="140" originy="-280" style="Default" rotation="0" justify="lowerright" flipped="False" hidden="False" data="4" />
    </sympin>
    <sympin number="5" originx="200" originy="-400" rotation="180" length="100" width="7.8740157480315" flipped="False">
      <text name="pinname" originx="230" originy="-400" style="Default" rotation="0" justify="left" flipped="False" hidden="False" data="5" />
      <text name="pindes" originx="140" originy="-380" style="Default" rotation="0" justify="lowerright" flipped="False" hidden="False" data="5" />
    </sympin>
    <sympin number="6" originx="200" originy="-500" rotation="180" length="100" width="7.8740157480315" flipped="False">
      <text name="pinname" originx="230" originy="-500" style="Default" rotation="0" justify="left" flipped="False" hidden="False" data="6" />
      <text name="pindes" originx="140" originy="-480" style="Default" rotation="0" justify="lowerright" flipped="False" hidden="False" data="6" />
    </sympin>
    <sympin number="7" originx="200" originy="-600" rotation="180" length="100" width="7.8740157480315" flipped="False">
      <text name="pinname" originx="230" originy="-600" style="Default" rotation="0" justify="left" flipped="False" hidden="False" data="7" />
      <text name="pindes" originx="140" originy="-580" style="Default" rotation="0" justify="lowerright" flipped="False" hidden="False" data="7" />
    </sympin>
    <sympin number="8" originx="200" originy="-700" rotation="180" length="100" width="7.8740157480315" flipped="False">
      <text name="pinname" originx="230" originy="-700" style="Default" rotation="0" justify="left" flipped="False" hidden="False" data="8" />
      <text name="pindes" originx="140" originy="-680" style="Default" rotation="0" justify="lowerright" flipped="False" hidden="False" data="8" />
    </sympin>
    <sympin number="9" originx="200" originy="-800" rotation="180" length="100" width="7.8740157480315" flipped="False">
      <text name="pinname" originx="230" originy="-800" style="Default" rotation="0" justify="left" flipped="False" hidden="False" data="9" />
      <text name="pindes" originx="140" originy="-780" style="Default" rotation="0" justify="lowerright" flipped="False" hidden="False" data="9" />
    </sympin>
    <sympin number="10" originx="200" originy="-900" rotation="180" length="100" width="7.8740157480315" flipped="False">
      <text name="pinname" originx="230" originy="-900" style="Default" rotation="0" justify="left" flipped="False" hidden="False" data="10" />
      <text name="pindes" originx="140" originy="-880" style="Default" rotation="0" justify="lowerright" flipped="False" hidden="False" data="10" />
    </sympin>
    <sympin number="11" originx="200" originy="-1000" rotation="180" length="100" width="7.8740157480315" flipped="False">
      <text name="pinname" originx="230" originy="-1000" style="Default" rotation="0" justify="left" flipped="False" hidden="False" data="11" />
      <text name="pindes" originx="140" originy="-980" style="Default" rotation="0" justify="lowerright" flipped="False" hidden="False" data="11" />
    </sympin>
    <sympin number="12" originx="200" originy="-1100" rotation="180" length="100" width="7.8740157480315" flipped="False">
      <text name="pinname" originx="230" originy="-1100" style="Default" rotation="0" justify="left" flipped="False" hidden="False" data="12" />
      <text name="pindes" originx="140" originy="-1080" style="Default" rotation="0" justify="lowerright" flipped="False" hidden="False" data="12" />
    </sympin>
    <sympin number="13" originx="800" originy="0" rotation="0" length="100" width="7.8740157480315" flipped="False">
      <text name="pinname" originx="770" originy="0" style="Default" rotation="0" justify="right" flipped="False" hidden="False" data="13" />
      <text name="pindes" originx="860" originy="20" style="Default" rotation="0" justify="lowerleft" flipped="False" hidden="False" data="13" />
    </sympin>
    <sympin number="14" originx="800" originy="-100" rotation="0" length="100" width="7.8740157480315" flipped="False">
      <text name="pinname" originx="770" originy="-100" style="Default" rotation="0" justify="right" flipped="False" hidden="False" data="14" />
      <text name="pindes" originx="860" originy="-80" style="Default" rotation="0" justify="lowerleft" flipped="False" hidden="False" data="14" />
    </sympin>
    <sympin number="15" originx="800" originy="-200" rotation="0" length="100" width="7.8740157480315" flipped="False">
      <text name="pinname" originx="770" originy="-200" style="Default" rotation="0" justify="right" flipped="False" hidden="False" data="15" />
      <text name="pindes" originx="860" originy="-180" style="Default" rotation="0" justify="lowerleft" flipped="False" hidden="False" data="15" />
    </sympin>
    <sympin number="16" originx="800" originy="-300" rotation="0" length="100" width="7.8740157480315" flipped="False">
      <text name="pinname" originx="770" originy="-300" style="Default" rotation="0" justify="right" flipped="False" hidden="False" data="16" />
      <text name="pindes" originx="860" originy="-280" style="Default" rotation="0" justify="lowerleft" flipped="False" hidden="False" data="16" />
    </sympin>
    <sympin number="17" originx="800" originy="-400" rotation="0" length="100" width="7.8740157480315" flipped="False">
      <text name="pinname" originx="770" originy="-400" style="Default" rotation="0" justify="right" flipped="False" hidden="False" data="17" />
      <text name="pindes" originx="860" originy="-380" style="Default" rotation="0" justify="lowerleft" flipped="False" hidden="False" data="17" />
    </sympin>
    <sympin number="18" originx="800" originy="-500" rotation="0" length="100" width="7.8740157480315" flipped="False">
      <text name="pinname" originx="770" originy="-500" style="Default" rotation="0" justify="right" flipped="False" hidden="False" data="18" />
      <text name="pindes" originx="860" originy="-480" style="Default" rotation="0" justify="lowerleft" flipped="False" hidden="False" data="18" />
    </sympin>
    <sympin number="19" originx="800" originy="-600" rotation="0" length="100" width="7.8740157480315" flipped="False">
      <text name="pinname" originx="770" originy="-600" style="Default" rotation="0" justify="right" flipped="False" hidden="False" data="19" />
      <text name="pindes" originx="860" originy="-580" style="Default" rotation="0" justify="lowerleft" flipped="False" hidden="False" data="19" />
    </sympin>
    <sympin number="20" originx="800" originy="-700" rotation="0" length="100" width="7.8740157480315" flipped="False">
      <text name="pinname" originx="770" originy="-700" style="Default" rotation="0" justify="right" flipped="False" hidden="False" data="MH1" />
      <text name="pindes" originx="860" originy="-680" style="Default" rotation="0" justify="lowerleft" flipped="False" hidden="False" data="MH1" />
    </sympin>
    <sympin number="21" originx="800" originy="-800" rotation="0" length="100" width="7.8740157480315" flipped="False">
      <text name="pinname" originx="770" originy="-800" style="Default" rotation="0" justify="right" flipped="False" hidden="False" data="MH2" />
      <text name="pindes" originx="860" originy="-780" style="Default" rotation="0" justify="lowerleft" flipped="False" hidden="False" data="MH2" />
    </sympin>
    <sympin number="22" originx="800" originy="-900" rotation="0" length="100" width="7.8740157480315" flipped="False">
      <text name="pinname" originx="770" originy="-900" style="Default" rotation="0" justify="right" flipped="False" hidden="False" data="MH3" />
      <text name="pindes" originx="860" originy="-880" style="Default" rotation="0" justify="lowerleft" flipped="False" hidden="False" data="MH3" />
    </sympin>
    <sympin number="23" originx="800" originy="-1000" rotation="0" length="100" width="7.8740157480315" flipped="False">
      <text name="pinname" originx="770" originy="-1000" style="Default" rotation="0" justify="right" flipped="False" hidden="False" data="MH4" />
      <text name="pindes" originx="860" originy="-980" style="Default" rotation="0" justify="lowerleft" flipped="False" hidden="False" data="MH4" />
    </sympin>
  </symbol>
  <component name="208658-1051" designatorprefix="J" height="253.54330708661" footprint="2086581051">
    <comppin designator="1" sympin="1" pinswap="0" gateswap="0" gate="1" group="1" side="" type="Any" name="1" />
    <comppin designator="2" sympin="2" pinswap="0" gateswap="0" gate="1" group="1" side="" type="Any" name="2" />
    <comppin designator="3" sympin="3" pinswap="0" gateswap="0" gate="1" group="1" side="" type="Any" name="3" />
    <comppin designator="4" sympin="4" pinswap="0" gateswap="0" gate="1" group="1" side="" type="Any" name="4" />
    <comppin designator="5" sympin="5" pinswap="0" gateswap="0" gate="1" group="1" side="" type="Any" name="5" />
    <comppin designator="6" sympin="6" pinswap="0" gateswap="0" gate="1" group="1" side="" type="Any" name="6" />
    <comppin designator="7" sympin="7" pinswap="0" gateswap="0" gate="1" group="1" side="" type="Any" name="7" />
    <comppin designator="8" sympin="8" pinswap="0" gateswap="0" gate="1" group="1" side="" type="Any" name="8" />
    <comppin designator="9" sympin="9" pinswap="0" gateswap="0" gate="1" group="1" side="" type="Any" name="9" />
    <comppin designator="10" sympin="10" pinswap="0" gateswap="0" gate="1" group="1" side="" type="Any" name="10" />
    <comppin designator="11" sympin="11" pinswap="0" gateswap="0" gate="1" group="1" side="" type="Any" name="11" />
    <comppin designator="12" sympin="12" pinswap="0" gateswap="0" gate="1" group="1" side="" type="Any" name="12" />
    <comppin designator="13" sympin="13" pinswap="0" gateswap="0" gate="1" group="1" side="" type="Any" name="13" />
    <comppin designator="14" sympin="14" pinswap="0" gateswap="0" gate="1" group="1" side="" type="Any" name="14" />
    <comppin designator="15" sympin="15" pinswap="0" gateswap="0" gate="1" group="1" side="" type="Any" name="15" />
    <comppin designator="16" sympin="16" pinswap="0" gateswap="0" gate="1" group="1" side="" type="Any" name="16" />
    <comppin designator="17" sympin="17" pinswap="0" gateswap="0" gate="1" group="1" side="" type="Any" name="17" />
    <comppin designator="18" sympin="18" pinswap="0" gateswap="0" gate="1" group="1" side="" type="Any" name="18" />
    <comppin designator="19" sympin="19" pinswap="0" gateswap="0" gate="1" group="1" side="" type="Any" name="19" />
    <comppin designator="MH1" sympin="20" pinswap="0" gateswap="0" gate="1" group="1" side="" type="Any" name="MH1" />
    <comppin designator="MH2" sympin="21" pinswap="0" gateswap="0" gate="1" group="1" side="" type="Any" name="MH2" />
    <comppin designator="MH3" sympin="22" pinswap="0" gateswap="0" gate="1" group="1" side="" type="Any" name="MH3" />
    <comppin designator="MH4" sympin="23" pinswap="0" gateswap="0" gate="1" group="1" side="" type="Any" name="MH4" />
    <attached_symbol gate="1" name="208658-1051" />
    <pinmap designator="1" footprintpin="1" />
    <pinmap designator="2" footprintpin="2" />
    <pinmap designator="3" footprintpin="3" />
    <pinmap designator="4" footprintpin="4" />
    <pinmap designator="5" footprintpin="5" />
    <pinmap designator="6" footprintpin="6" />
    <pinmap designator="7" footprintpin="7" />
    <pinmap designator="8" footprintpin="8" />
    <pinmap designator="9" footprintpin="9" />
    <pinmap designator="10" footprintpin="10" />
    <pinmap designator="11" footprintpin="11" />
    <pinmap designator="12" footprintpin="12" />
    <pinmap designator="13" footprintpin="13" />
    <pinmap designator="14" footprintpin="14" />
    <pinmap designator="15" footprintpin="15" />
    <pinmap designator="16" footprintpin="16" />
    <pinmap designator="17" footprintpin="17" />
    <pinmap designator="18" footprintpin="18" />
    <pinmap designator="19" footprintpin="19" />
    <pinmap designator="MH1" footprintpin="20" />
    <pinmap designator="MH2" footprintpin="21" />
    <pinmap designator="MH3" footprintpin="22" />
    <pinmap designator="MH4" footprintpin="23" />
    <text name="Datasheet" originx="0" originy="0" style="Default" rotation="0" justify="" flipped="False" hidden="True" data="" />
    <text name="Description" originx="0" originy="0" style="Default" rotation="0" justify="" flipped="False" hidden="True" data="1.0 HDMI R/A HEADER ASSY (I/M TYPE)" />
    <text name="Mouser Part Number" originx="0" originy="0" style="Default" rotation="0" justify="" flipped="False" hidden="True" data="538-208658-1051" />
    <text name="Mouser Price/Stock" originx="0" originy="0" style="Default" rotation="0" justify="" flipped="False" hidden="True" data="https://www.mouser.co.uk/ProductDetail/Molex/208658-1051?qs=BJlw7L4Cy7%252Bu27sIkZU3Xw%3D%3D" />
    <text name="Manufacturer_Name" originx="0" originy="0" style="Default" rotation="0" justify="" flipped="False" hidden="True" data="Molex" />
    <text name="Manufacturer_Part_Number" originx="850" originy="200" style="Default" rotation="0" justify="left" flipped="False" hidden="False" data="208658-1051" />
  </component>
</quadcept_library>
