<?xml version="1.0" encoding="utf-8"?>
<!--/966827/763899/2.50/22/4/Connector/-->
<quadcept_library>
  <setting unit="mil" />
  <textstyle name="Default" height="47.244094488189" strokewidth="7.8740157480315" charwidth="47.244094488189" />
  <textstyle name="Dimension" height="19.6850393700787" strokewidth="0" charwidth="19.6850393700787" />
  <textstyle name="H127W0635TH00762" height="50" strokewidth="3" charwidth="25" />
  <textstyle name="H15W15TH02" height="59.0551181102362" strokewidth="7.8740157480315" charwidth="59.0551181102362" />
  <padstyle name="c150.9_h97" surface="False" plated="True" isvia="False" nopaste="True" nomask="True" complex="False" holesize="38.188976377952">
    <padshape layer="TOP" shape="round" width="59.409448818897" height="59.409448818897" />
    <padshape layer="TOP_SOLDER_MASK" shape="round" width="67.283464566928" height="67.283464566928" />
    <padshape layer="INNER" shape="round" width="59.409448818897" height="59.409448818897" />
    <padshape layer="BOTTOM" shape="round" width="59.409448818897" height="59.409448818897" />
    <padshape layer="BOTTOM_SOLDER_MASK" shape="round" width="67.283464566928" height="67.283464566928" />
  </padstyle>
  <padstyle name="c130_h97" surface="False" plated="True" isvia="False" nopaste="True" nomask="True" complex="False" holesize="38.188976377952">
    <padshape layer="TOP" shape="round" width="51.181102362204" height="51.181102362204" />
    <padshape layer="TOP_SOLDER_MASK" shape="round" width="59.055118110235" height="59.055118110235" />
    <padshape layer="INNER" shape="round" width="51.181102362204" height="51.181102362204" />
    <padshape layer="BOTTOM" shape="round" width="51.181102362204" height="51.181102362204" />
    <padshape layer="BOTTOM_SOLDER_MASK" shape="round" width="59.055118110235" height="59.055118110235" />
  </padstyle>
  <padstyle name="c247.5_h165" surface="False" plated="True" isvia="False" nopaste="True" nomask="True" complex="False" holesize="64.960629921259">
    <padshape layer="TOP" shape="round" width="97.440944881889" height="97.440944881889" />
    <padshape layer="TOP_SOLDER_MASK" shape="round" width="105.31496062992" height="105.31496062992" />
    <padshape layer="INNER" shape="round" width="97.440944881889" height="97.440944881889" />
    <padshape layer="BOTTOM" shape="round" width="97.440944881889" height="97.440944881889" />
    <padshape layer="BOTTOM_SOLDER_MASK" shape="round" width="105.31496062992" height="105.31496062992" />
  </padstyle>
  <padstyle name="c162.5_h325" surface="False" plated="True" isvia="False" nopaste="True" nomask="True" complex="False" holesize="127.95275590551">
    <padshape layer="TOP" shape="round" width="63.976377952755" height="63.976377952755" />
    <padshape layer="TOP_SOLDER_MASK" shape="round" width="71.850393700787" height="71.850393700787" />
    <padshape layer="INNER" shape="round" width="63.976377952755" height="63.976377952755" />
    <padshape layer="BOTTOM" shape="round" width="63.976377952755" height="63.976377952755" />
    <padshape layer="BOTTOM_SOLDER_MASK" shape="round" width="71.850393700787" height="71.850393700787" />
  </padstyle>
  <footprint name="JK00229NL" originx="0" originy="0" pickpointx="0" pickpointy="0">
    <pcbpin number="1" name="1" style="c150.9_h97" originx="0" originy="0" rotation="90" />
    <pcbpin number="2" name="2" style="c150.9_h97" originx="-79.921259842519" originy="0" rotation="90" />
    <pcbpin number="3" name="3" style="c150.9_h97" originx="-159.84251968504" originy="0" rotation="90" />
    <pcbpin number="4" name="4" style="c150.9_h97" originx="-239.76377952756" originy="0" rotation="90" />
    <pcbpin number="5" name="5" style="c150.9_h97" originx="-319.68503937007" originy="0" rotation="90" />
    <pcbpin number="6" name="6" style="c150.9_h97" originx="-399.60629921259" originy="0" rotation="90" />
    <pcbpin number="7" name="7" style="c150.9_h97" originx="40.15748031496" originy="99.999999999999" rotation="90" />
    <pcbpin number="8" name="8" style="c150.9_h97" originx="-39.370078740157" originy="99.999999999999" rotation="90" />
    <pcbpin number="9" name="9" style="c150.9_h97" originx="-119.68503937008" originy="99.999999999999" rotation="90" />
    <pcbpin number="10" name="10" style="c150.9_h97" originx="-280.31496062992" originy="99.999999999999" rotation="90" />
    <pcbpin number="11" name="11" style="c150.9_h97" originx="-360.62992125984" originy="99.999999999999" rotation="90" />
    <pcbpin number="12" name="12" style="c150.9_h97" originx="-439.76377952755" originy="99.999999999999" rotation="90" />
    <pcbpin number="13" name="13" style="c150.9_h97" originx="40.15748031496" originy="200" rotation="90" />
    <pcbpin number="14" name="14" style="c150.9_h97" originx="-59.842519685039" originy="200" rotation="90" />
    <pcbpin number="15" name="15" style="c150.9_h97" originx="-339.76377952755" originy="200" rotation="90" />
    <pcbpin number="16" name="16" style="c150.9_h97" originx="-439.76377952755" originy="200" rotation="90" />
    <pcbpin number="17" name="17" style="c130_h97" originx="40.23622047244" originy="-279.92125984252" rotation="90" />
    <pcbpin number="18" name="18" style="c130_h97" originx="-439.84251968503" originy="-279.92125984252" rotation="90" />
    <pcbpin number="19" name="19" style="c130_h97" originx="40.23622047244" originy="-337.79527559055" rotation="90" />
    <pcbpin number="20" name="20" style="c130_h97" originx="-439.84251968503" originy="-337.79527559055" rotation="90" />
    <pcbpin number="21" name="MH1" style="c247.5_h165" originx="-517.32283464566" originy="-725.19685039369" rotation="90" />
    <pcbpin number="22" name="MH2" style="c247.5_h165" originx="117.71653543307" originy="-725.19685039369" rotation="90" />
    <pcbpin number="23" name="MH3" style="c162.5_h325" originx="-449.80314960629" originy="-599.99999999999" rotation="90" />
    <pcbpin number="24" name="MH4" style="c162.5_h325" originx="50.1968503937" originy="-599.99999999999" rotation="90" />
    <line layer="TOP_ASSEMBLY" originx="-530.31496062991" originy="269.68503937008" endx="130.70866141732" endy="269.68503937008" width="7.8740157480314" />
    <line layer="TOP_ASSEMBLY" originx="130.70866141732" originy="269.68503937008" endx="130.70866141732" endy="-1030.3149606299" width="7.8740157480314" />
    <line layer="TOP_ASSEMBLY" originx="130.70866141732" originy="-1030.3149606299" endx="-530.31496062991" endy="-1030.3149606299" width="7.8740157480314" />
    <line layer="TOP_ASSEMBLY" originx="-530.31496062991" originy="-1030.3149606299" endx="-530.31496062991" endy="269.68503937008" width="7.8740157480314" />
    <line layer="TOP_PLACE_BOUND" originx="-585.90551181102" originy="289.37007874015" endx="185.94488188976" endy="289.37007874015" width="3.9370078740157" />
    <line layer="TOP_PLACE_BOUND" originx="185.94488188976" originy="289.37007874015" endx="185.94488188976" endy="-1050" width="3.9370078740157" />
    <line layer="TOP_PLACE_BOUND" originx="185.94488188976" originy="-1050" endx="-585.90551181102" endy="-1050" width="3.9370078740157" />
    <line layer="TOP_PLACE_BOUND" originx="-585.90551181102" originy="-1050" endx="-585.90551181102" endy="289.37007874015" width="3.9370078740157" />
    <line layer="TOP_SILKSCREEN" originx="158.26771653543" originy="5.1181102362204" endx="158.26771653543" endy="5.1181102362204" width="7.8740157480314" />
    <arc layer="TOP_SILKSCREEN" originx="158.26771653543" originy="1.1811023622047" startangle="90.0" sweepangle="180.0" radius="3.9370078740157" width="7.8740157480314" />
    <line layer="TOP_SILKSCREEN" originx="158.26771653543" originy="-2.755905511811" endx="158.26771653543" endy="-2.755905511811" width="7.8740157480314" />
    <arc layer="TOP_SILKSCREEN" originx="158.26771653543" originy="1.1811023622047" startangle="-90.0" sweepangle="180.0" radius="3.9370078740157" width="7.8740157480314" />
    <line layer="TOP_SILKSCREEN" originx="-530.31496062991" originy="-794.09448818897" endx="-530.31496062991" endy="-1030.3149606299" width="3.9370078740157" />
    <line layer="TOP_SILKSCREEN" originx="-530.31496062991" originy="-1030.3149606299" endx="130.70866141732" endy="-1030.3149606299" width="3.9370078740157" />
    <line layer="TOP_SILKSCREEN" originx="130.70866141732" originy="-1030.3149606299" endx="130.70866141732" endy="-794.09448818897" width="3.9370078740157" />
    <line layer="TOP_SILKSCREEN" originx="-530.31496062991" originy="-538.18897637795" endx="-530.31496062991" endy="269.68503937008" width="3.9370078740157" />
    <line layer="TOP_SILKSCREEN" originx="-530.31496062991" originy="269.68503937008" endx="130.70866141732" endy="269.68503937008" width="3.9370078740157" />
    <line layer="TOP_SILKSCREEN" originx="130.70866141732" originy="269.68503937008" endx="130.70866141732" endy="-538.18897637795" width="3.9370078740157" />
  </footprint>
  <symbol name="JK0-0229NL" originx="0" originy="0">
    <line originx="200" originy="100" endx="1200" endy="100" width="0" />
    <line originx="1200" originy="-1100" endx="1200" endy="100" width="0" />
    <line originx="1200" originy="-1100" endx="200" endy="-1100" width="0" />
    <line originx="200" originy="100" endx="200" endy="-1100" width="0" />
    <sympin number="1" originx="200" originy="0" rotation="180" length="100" width="7.8740157480315" flipped="False">
      <text name="pinname" originx="230" originy="0" style="Default" rotation="0" justify="left" flipped="False" hidden="False" data="MDCT3" />
      <text name="pindes" originx="140" originy="20" style="Default" rotation="0" justify="lowerright" flipped="False" hidden="False" data="1" />
    </sympin>
    <sympin number="2" originx="200" originy="-100" rotation="180" length="100" width="7.8740157480315" flipped="False">
      <text name="pinname" originx="230" originy="-100" style="Default" rotation="0" justify="left" flipped="False" hidden="False" data="MD3-" />
      <text name="pindes" originx="140" originy="-80" style="Default" rotation="0" justify="lowerright" flipped="False" hidden="False" data="2" />
    </sympin>
    <sympin number="3" originx="200" originy="-200" rotation="180" length="100" width="7.8740157480315" flipped="False">
      <text name="pinname" originx="230" originy="-200" style="Default" rotation="0" justify="left" flipped="False" hidden="False" data="MD3+" />
      <text name="pindes" originx="140" originy="-180" style="Default" rotation="0" justify="lowerright" flipped="False" hidden="False" data="3" />
    </sympin>
    <sympin number="4" originx="200" originy="-300" rotation="180" length="100" width="7.8740157480315" flipped="False">
      <text name="pinname" originx="230" originy="-300" style="Default" rotation="0" justify="left" flipped="False" hidden="False" data="MD2+" />
      <text name="pindes" originx="140" originy="-280" style="Default" rotation="0" justify="lowerright" flipped="False" hidden="False" data="4" />
    </sympin>
    <sympin number="5" originx="200" originy="-400" rotation="180" length="100" width="7.8740157480315" flipped="False">
      <text name="pinname" originx="230" originy="-400" style="Default" rotation="0" justify="left" flipped="False" hidden="False" data="MD2-" />
      <text name="pindes" originx="140" originy="-380" style="Default" rotation="0" justify="lowerright" flipped="False" hidden="False" data="5" />
    </sympin>
    <sympin number="6" originx="200" originy="-500" rotation="180" length="100" width="7.8740157480315" flipped="False">
      <text name="pinname" originx="230" originy="-500" style="Default" rotation="0" justify="left" flipped="False" hidden="False" data="MDCT2" />
      <text name="pindes" originx="140" originy="-480" style="Default" rotation="0" justify="lowerright" flipped="False" hidden="False" data="6" />
    </sympin>
    <sympin number="7" originx="200" originy="-600" rotation="180" length="100" width="7.8740157480315" flipped="False">
      <text name="pinname" originx="230" originy="-600" style="Default" rotation="0" justify="left" flipped="False" hidden="False" data="MDCT4" />
      <text name="pindes" originx="140" originy="-580" style="Default" rotation="0" justify="lowerright" flipped="False" hidden="False" data="7" />
    </sympin>
    <sympin number="8" originx="200" originy="-700" rotation="180" length="100" width="7.8740157480315" flipped="False">
      <text name="pinname" originx="230" originy="-700" style="Default" rotation="0" justify="left" flipped="False" hidden="False" data="MD4+" />
      <text name="pindes" originx="140" originy="-680" style="Default" rotation="0" justify="lowerright" flipped="False" hidden="False" data="8" />
    </sympin>
    <sympin number="9" originx="200" originy="-800" rotation="180" length="100" width="7.8740157480315" flipped="False">
      <text name="pinname" originx="230" originy="-800" style="Default" rotation="0" justify="left" flipped="False" hidden="False" data="MD4-" />
      <text name="pindes" originx="140" originy="-780" style="Default" rotation="0" justify="lowerright" flipped="False" hidden="False" data="9" />
    </sympin>
    <sympin number="10" originx="200" originy="-900" rotation="180" length="100" width="7.8740157480315" flipped="False">
      <text name="pinname" originx="230" originy="-900" style="Default" rotation="0" justify="left" flipped="False" hidden="False" data="MD1-" />
      <text name="pindes" originx="140" originy="-880" style="Default" rotation="0" justify="lowerright" flipped="False" hidden="False" data="10" />
    </sympin>
    <sympin number="11" originx="200" originy="-1000" rotation="180" length="100" width="7.8740157480315" flipped="False">
      <text name="pinname" originx="230" originy="-1000" style="Default" rotation="0" justify="left" flipped="False" hidden="False" data="MD1+" />
      <text name="pindes" originx="140" originy="-980" style="Default" rotation="0" justify="lowerright" flipped="False" hidden="False" data="11" />
    </sympin>
    <sympin number="12" originx="1200" originy="0" rotation="0" length="100" width="7.8740157480315" flipped="False">
      <text name="pinname" originx="1170" originy="0" style="Default" rotation="0" justify="right" flipped="False" hidden="False" data="MDCT1" />
      <text name="pindes" originx="1260" originy="20" style="Default" rotation="0" justify="lowerleft" flipped="False" hidden="False" data="12" />
    </sympin>
    <sympin number="13" originx="1200" originy="-100" rotation="0" length="100" width="7.8740157480315" flipped="False">
      <text name="pinname" originx="1170" originy="-100" style="Default" rotation="0" justify="right" flipped="False" hidden="False" data="K_YELLOW" />
      <text name="pindes" originx="1260" originy="-80" style="Default" rotation="0" justify="lowerleft" flipped="False" hidden="False" data="13" />
    </sympin>
    <sympin number="14" originx="1200" originy="-200" rotation="0" length="100" width="7.8740157480315" flipped="False">
      <text name="pinname" originx="1170" originy="-200" style="Default" rotation="0" justify="right" flipped="False" hidden="False" data="A_YELLOW" />
      <text name="pindes" originx="1260" originy="-180" style="Default" rotation="0" justify="lowerleft" flipped="False" hidden="False" data="14" />
    </sympin>
    <sympin number="15" originx="1200" originy="-300" rotation="0" length="100" width="7.8740157480315" flipped="False">
      <text name="pinname" originx="1170" originy="-300" style="Default" rotation="0" justify="right" flipped="False" hidden="False" data="A_GREEN" />
      <text name="pindes" originx="1260" originy="-280" style="Default" rotation="0" justify="lowerleft" flipped="False" hidden="False" data="15" />
    </sympin>
    <sympin number="16" originx="1200" originy="-400" rotation="0" length="100" width="7.8740157480315" flipped="False">
      <text name="pinname" originx="1170" originy="-400" style="Default" rotation="0" justify="right" flipped="False" hidden="False" data="K_GREEN" />
      <text name="pindes" originx="1260" originy="-380" style="Default" rotation="0" justify="lowerleft" flipped="False" hidden="False" data="16" />
    </sympin>
    <sympin number="17" originx="1200" originy="-500" rotation="0" length="100" width="7.8740157480315" flipped="False">
      <text name="pinname" originx="1170" originy="-500" style="Default" rotation="0" justify="right" flipped="False" hidden="False" data="VDC1+" />
      <text name="pindes" originx="1260" originy="-480" style="Default" rotation="0" justify="lowerleft" flipped="False" hidden="False" data="17" />
    </sympin>
    <sympin number="18" originx="1200" originy="-600" rotation="0" length="100" width="7.8740157480315" flipped="False">
      <text name="pinname" originx="1170" originy="-600" style="Default" rotation="0" justify="right" flipped="False" hidden="False" data="VDC1-" />
      <text name="pindes" originx="1260" originy="-580" style="Default" rotation="0" justify="lowerleft" flipped="False" hidden="False" data="18" />
    </sympin>
    <sympin number="19" originx="1200" originy="-700" rotation="0" length="100" width="7.8740157480315" flipped="False">
      <text name="pinname" originx="1170" originy="-700" style="Default" rotation="0" justify="right" flipped="False" hidden="False" data="VDC2+" />
      <text name="pindes" originx="1260" originy="-680" style="Default" rotation="0" justify="lowerleft" flipped="False" hidden="False" data="19" />
    </sympin>
    <sympin number="20" originx="1200" originy="-800" rotation="0" length="100" width="7.8740157480315" flipped="False">
      <text name="pinname" originx="1170" originy="-800" style="Default" rotation="0" justify="right" flipped="False" hidden="False" data="VDC2-" />
      <text name="pindes" originx="1260" originy="-780" style="Default" rotation="0" justify="lowerleft" flipped="False" hidden="False" data="20" />
    </sympin>
    <sympin number="21" originx="1200" originy="-900" rotation="0" length="100" width="7.8740157480315" flipped="False">
      <text name="pinname" originx="1170" originy="-900" style="Default" rotation="0" justify="right" flipped="False" hidden="False" data="MH1" />
      <text name="pindes" originx="1260" originy="-880" style="Default" rotation="0" justify="lowerleft" flipped="False" hidden="False" data="MH1" />
    </sympin>
    <sympin number="22" originx="1200" originy="-1000" rotation="0" length="100" width="7.8740157480315" flipped="False">
      <text name="pinname" originx="1170" originy="-1000" style="Default" rotation="0" justify="right" flipped="False" hidden="False" data="MH2" />
      <text name="pindes" originx="1260" originy="-980" style="Default" rotation="0" justify="lowerleft" flipped="False" hidden="False" data="MH2" />
    </sympin>
  </symbol>
  <component name="JK0-0229NL" designatorprefix="J" height="609.05511811023" footprint="JK00229NL">
    <comppin designator="1" sympin="1" pinswap="0" gateswap="0" gate="1" group="1" side="" type="Any" name="MDCT3" />
    <comppin designator="2" sympin="2" pinswap="0" gateswap="0" gate="1" group="1" side="" type="Any" name="MD3-" />
    <comppin designator="3" sympin="3" pinswap="0" gateswap="0" gate="1" group="1" side="" type="Any" name="MD3+" />
    <comppin designator="4" sympin="4" pinswap="0" gateswap="0" gate="1" group="1" side="" type="Any" name="MD2+" />
    <comppin designator="5" sympin="5" pinswap="0" gateswap="0" gate="1" group="1" side="" type="Any" name="MD2-" />
    <comppin designator="6" sympin="6" pinswap="0" gateswap="0" gate="1" group="1" side="" type="Any" name="MDCT2" />
    <comppin designator="7" sympin="7" pinswap="0" gateswap="0" gate="1" group="1" side="" type="Any" name="MDCT4" />
    <comppin designator="8" sympin="8" pinswap="0" gateswap="0" gate="1" group="1" side="" type="Any" name="MD4+" />
    <comppin designator="9" sympin="9" pinswap="0" gateswap="0" gate="1" group="1" side="" type="Any" name="MD4-" />
    <comppin designator="10" sympin="10" pinswap="0" gateswap="0" gate="1" group="1" side="" type="Any" name="MD1-" />
    <comppin designator="11" sympin="11" pinswap="0" gateswap="0" gate="1" group="1" side="" type="Any" name="MD1+" />
    <comppin designator="12" sympin="12" pinswap="0" gateswap="0" gate="1" group="1" side="" type="Any" name="MDCT1" />
    <comppin designator="13" sympin="13" pinswap="0" gateswap="0" gate="1" group="1" side="" type="Any" name="K_YELLOW" />
    <comppin designator="14" sympin="14" pinswap="0" gateswap="0" gate="1" group="1" side="" type="Any" name="A_YELLOW" />
    <comppin designator="15" sympin="15" pinswap="0" gateswap="0" gate="1" group="1" side="" type="Any" name="A_GREEN" />
    <comppin designator="16" sympin="16" pinswap="0" gateswap="0" gate="1" group="1" side="" type="Any" name="K_GREEN" />
    <comppin designator="17" sympin="17" pinswap="0" gateswap="0" gate="1" group="1" side="" type="Any" name="VDC1+" />
    <comppin designator="18" sympin="18" pinswap="0" gateswap="0" gate="1" group="1" side="" type="Any" name="VDC1-" />
    <comppin designator="19" sympin="19" pinswap="0" gateswap="0" gate="1" group="1" side="" type="Any" name="VDC2+" />
    <comppin designator="20" sympin="20" pinswap="0" gateswap="0" gate="1" group="1" side="" type="Any" name="VDC2-" />
    <comppin designator="MH1" sympin="21" pinswap="0" gateswap="0" gate="1" group="1" side="" type="Any" name="MH1" />
    <comppin designator="MH2" sympin="22" pinswap="0" gateswap="0" gate="1" group="1" side="" type="Any" name="MH2" />
    <attached_symbol gate="1" name="JK0-0229NL" />
    <pinmap designator="1" footprintpin="1" />
    <pinmap designator="2" footprintpin="2" />
    <pinmap designator="3" footprintpin="3" />
    <pinmap designator="4" footprintpin="4" />
    <pinmap designator="5" footprintpin="5" />
    <pinmap designator="6" footprintpin="6" />
    <pinmap designator="7" footprintpin="7" />
    <pinmap designator="8" footprintpin="8" />
    <pinmap designator="9" footprintpin="9" />
    <pinmap designator="10" footprintpin="10" />
    <pinmap designator="11" footprintpin="11" />
    <pinmap designator="12" footprintpin="12" />
    <pinmap designator="13" footprintpin="13" />
    <pinmap designator="14" footprintpin="14" />
    <pinmap designator="15" footprintpin="15" />
    <pinmap designator="16" footprintpin="16" />
    <pinmap designator="17" footprintpin="17" />
    <pinmap designator="18" footprintpin="18" />
    <pinmap designator="19" footprintpin="19" />
    <pinmap designator="20" footprintpin="20" />
    <pinmap designator="MH1" footprintpin="21" />
    <pinmap designator="MH2" footprintpin="22" />
    <text name="Datasheet" originx="0" originy="0" style="Default" rotation="0" justify="" flipped="False" hidden="True" data="https://componentsearchengine.com/Datasheets/1/JK0-0229NL.pdf" />
    <text name="Description" originx="0" originy="0" style="Default" rotation="0" justify="" flipped="False" hidden="True" data="Modular Connectors / Ethernet Connectors 1000Base-T RJ45 1X1 1GPoE 140W" />
    <text name="Mouser Part Number" originx="0" originy="0" style="Default" rotation="0" justify="" flipped="False" hidden="True" data="673-JK00229NL" />
    <text name="Mouser Price/Stock" originx="0" originy="0" style="Default" rotation="0" justify="" flipped="False" hidden="True" data="https://www.mouser.co.uk/ProductDetail/Pulse-Electronics/JK0-0229NL?qs=5aG0NVq1C4zHdg4scrNEug%3D%3D" />
    <text name="Manufacturer_Name" originx="0" originy="0" style="Default" rotation="0" justify="" flipped="False" hidden="True" data="Pulse Electronics" />
    <text name="Manufacturer_Part_Number" originx="1250" originy="200" style="Default" rotation="0" justify="left" flipped="False" hidden="False" data="JK0-0229NL" />
  </component>
</quadcept_library>
