"Reference","Value","Datasheet","Footprint","DNP","LCSC Part #","Mfr. Part #"
"C1,C2,C19,C130,C167,C171","1uF","-- mixed values --","Capacitor_SMD:C_0402_1005Metric","","C3889771","0402X105M160CT"
"C3,C7","10nF","~","Capacitor_SMD:C_0603_1608Metric","","C6119837",""
"C4","10uF/100V","https://www.lcsc.com/datasheet/lcsc_datasheet_2312271231_TDK-C3216X6S2A106K160AC_C6872041.pdf","Capacitor_SMD:C_1206_3216Metric","","C6872041","C3216X6S2A106K160AC"
"C5,C6","4.7uF","https://www.lcsc.com/datasheet/lcsc_datasheet_2208291730_Murata-Electronics-GRM31CZ72A475KE11L_C2997285.pdf","Capacitor_SMD:C_1206_3216Metric","","C2997285","GRM31CZ72A475KE11L"
"C8","22pF","https://www.lcsc.com/datasheet/lcsc_datasheet_2202040800_YAGEO-CC0402JRNPO7BN220_C2175872.pdf","Capacitor_SMD:C_0402_1005Metric","","C2175872","CC0402JRNPO7BN220"
"C9","4.7nF","https://www.lcsc.com/datasheet/lcsc_datasheet_2409272231_YAGEO-CC0402KRX7R6BB472_C1852867.pdf","Capacitor_SMD:C_0402_1005Metric","","C1852867","CC0402KRX7R6BB472"
"C10,C16,C18,C27,C28,C31,C33,C34,C35,C36,C37,C55,C58,C59,C60,C61,C63,C64,C65,C67,C68,C70,C71,C76,C77,C84,C95,C99,C100,C107,C118,C122,C123,C124,C129,C131,C132,C133,C134,C135,C136,C137,C138,C144,C148,C152,C154,C164,C169,C172,C173,C174,C202,C204,C258,C342,C352,C353,C356,C357,C358,C359,C360,C361,C362,C363,C364","100nF","-- mixed values --","Capacitor_SMD:C_0402_1005Metric","","C152814","0402B104K500CT"
"C11,C38,C39,C40,C50,C51,C150,C151","10nF","-- mixed values --","Capacitor_SMD:C_0402_1005Metric","","C3840241","0402B103K100CT"
"C12,C13,C14,C15,C21,C22,C23,C24,C25,C26","10uF","https://www.lcsc.com/datasheet/lcsc_datasheet_2304140030_TDK-CGA5L1X7R1H106KT0Y0N_C531431.pdf","Capacitor_SMD:C_1206_3216Metric","","C531431","CGA5L1X7R1H106KT0Y0N"
"C17","33uF","http://industrial.panasonic.com/cdbs/www-data/pdf/RDE0000/ABA0000C1184.pdf","RASBB:EEE0JA152UAP","","C178582","EEE-FP1V331AP"
"C20,C69,C72,C206,C208,C210,C211,C212,C213,C214,C215,C216,C217,C223,C227,C228,C246,C247,C249,C250,C266,C267,C290,C292,C294,C295,C296,C297,C298,C299,C300,C301,C307,C311,C312,C330,C331,C333,C334,C350,C351","4.7uF","-- mixed values --","Capacitor_SMD:C_0402_1005Metric","","C77004","-- mixed values --"
"C29,C98,C121,C127,C128,C175,C186,C365,C366","4.7uF","-- mixed values --","Capacitor_SMD:C_0603_1608Metric","","C913474","-- mixed values --"
"C30,C32,C75,C89,C92,C112,C115,C153,C182,C185,C189,C190,C191,C193,C194,C196,C197,C200,C201,C203,C205,C207,C209,C222,C224,C225,C229,C230,C231,C232,C233,C234,C235,C236,C239,C241,C242,C243,C244,C245,C251,C252,C253,C254,C255,C257,C261,C262,C263,C264,C265,C269,C273,C274,C275,C277,C278,C280,C281,C284,C285,C287,C289,C291,C293,C306,C308,C313,C314,C315,C316,C326,C327,C328,C329,C335,C336,C337,C338,C346,C347,C348,C349","470nF","-- mixed values --","Capacitor_SMD:C_0402_1005Metric","","C471404","GRT155R71A474KE01D "
"C41","10pF","https://www.lcsc.com/datasheet/lcsc_datasheet_2304140030_KEMET-C0402C100J4GAC7867_C2182752.pdf","Capacitor_SMD:C_0402_1005Metric","","C2182752","C0402C100J4GAC7867"
"C42,C46,C49,C52,C62,C170,C184,C187,C188,C192,C221,C305","47uF","https://www.lcsc.com/datasheet/lcsc_datasheet_1912111437_Murata-Electronics-GRM21BR61A476ME15L_C124129.pdf","Capacitor_SMD:C_0805_2012Metric","","C124129","GRM21BR61A476ME15L"
"C43","5.1pF","https://www.lcsc.com/datasheet/lcsc_datasheet_2308111505_Murata-Electronics-GRM1555C1E5R1CA01D_C3855079.pdf","Capacitor_SMD:C_0402_1005Metric","","C3855079","GRM1555C1E5R1CA01D"
"C44,C45,C47,C48,C53,C54,C56,C57,C125,C126","22uF","https://www.lcsc.com/datasheet/lcsc_datasheet_2410010303_Kyocera-AVX-0603YD226MAT2A_C6776252.pdf","Capacitor_SMD:C_0603_1608Metric","","C6776252","0603YD226MAT2A"
"C66","470pF","","Capacitor_SMD:C_0402_1005Metric","","C526993","C526993"
"C73","100nF","~","Capacitor_SMD:C_2220_5750Metric","","C5290327","FV55X104K202EGG"
"C74,C183","tbd","~","Capacitor_SMD:C_1206_3216Metric","DNP","",""
"C78,C79,C80,C81,C82,C83,C85,C86,C87,C88,C90,C91,C93,C94,C96,C97,C101,C102,C103,C104,C105,C106,C108,C109,C110,C111,C113,C114,C116,C117,C119,C120,C162,C317,C339","47nF","-- mixed values --","Capacitor_SMD:C_0402_1005Metric","","C2178375","C0402C473J8RAC7867"
"C139,C140","20p","https://www.lcsc.com/datasheet/lcsc_datasheet_2304140030_Walsin-Tech-Corp-0402N200J500CT_C123468.pdf","Capacitor_SMD:C_0603_1608Metric","","C123468","0402N200J500CT"
"C141,C143","2.2uF","https://www.lcsc.com/datasheet/lcsc_datasheet_2309201534_Walsin-Tech-Corp-0402X225M160CT_C3905586.pdf","Capacitor_SMD:C_0402_1005Metric","","C3905586","0402X225M160CT"
"C142,C146,C147","10uF","https://www.lcsc.com/datasheet/lcsc_datasheet_2204121445_Walsin-Tech-Corp-0402X106M100CT_C2992625.pdf","Capacitor_SMD:C_0402_1005Metric","","C2992625","0402X106M100CT"
"C145,C149","20p","https://www.lcsc.com/datasheet/lcsc_datasheet_2304140030_Walsin-Tech-Corp-0402N200J500CT_C123468.pdf","Capacitor_SMD:C_0402_1005Metric","","C123468","0402N200J500CT"
"C155","0.8pF","https://www.lcsc.com/datasheet/lcsc_datasheet_2304140030_Walsin-Tech-Corp-RF15N0R8B500CT_C396870.pdf","Capacitor_SMD:C_0402_1005Metric","","C396870","RF15N0R8B500CT"
"C156,C158","1.2pF","https://www.lcsc.com/datasheet/lcsc_datasheet_2304140030_Walsin-Tech-Corp-0402N1R2C500CT_C301969.pdf","Capacitor_SMD:C_0402_1005Metric","","C301969","0402N1R2C500CT"
"C157","0.5pF","https://www.lcsc.com/datasheet/lcsc_datasheet_2111171830_Walsin-Tech-Corp-RT15N0R5B500CT_C2918554.pdf","Capacitor_SMD:C_0402_1005Metric","","C2918554","RT15N0R5B500CT"
"C159,C163","100pF","https://www.lcsc.com/datasheet/lcsc_datasheet_2304140030_Walsin-Tech-Corp-0402N101G500CT_C387967.pdf","Capacitor_SMD:C_0402_1005Metric","","C387967","0402N101G500CT"
"C160,C161,C166","10uF","https://www.lcsc.com/datasheet/lcsc_datasheet_2207111830_Walsin-Tech-Corp-0603X106M250CT_C4555498.pdf","Capacitor_SMD:C_0603_1608Metric","","C4555498","0603X106M250CT "
"C165","UUD1A221MCL1GS","https://www.nichicon.co.jp/series_items/catalog_pdf/ja/pdf/xja043/uud.pdf","RASBB:CAPAE660X800N","","C445275","UUD1A221MCL1GS"
"C168,C176","10p","~","Capacitor_SMD:C_0402_1005Metric",""," C2178655",""
"C177,C178,C179,C180","10p/50V","~","Capacitor_SMD:C_0603_1608Metric","","C123155",""
"C181","1nF","~","Capacitor_SMD:C_1206_3216Metric","","C303946","1206B102K202CT"
"C195,C198,C199,C218,C219,C220,C226,C248,C282,C302,C303,C304,C310,C332","100uF","https://www.lcsc.com/datasheet/lcsc_datasheet_2201131300_Murata-Electronics-GRM188Z71A475KE15D_C913474.pdf","Capacitor_SMD:C_1206_3216Metric","","C883598","GRM31CR61A107MEA8L"
"C354,C355","2.2uF","https://www.lcsc.com/datasheet/lcsc_datasheet_2304140030_Walsin-Tech-Corp-0402B104K500CT_C152814.pdf","Capacitor_SMD:C_0805_2012Metric","","C2918681","0805B225K500CT"
"D1","SDT5A60SA-13","https://www.diodes.com/assets/Datasheets/SDT5A60SA.pdf","RASBB:SDT5A60SA13","","C3024223","SDT5A60SA-13 "
"D2,D3","VSSAF5L45HM3_A_H","https://www.vishay.com/docs/89934/vssaf5l45.pdf","RASBB:SODFL5226X100N","","C6000165","VSSAF5L45HM3_A/H"
"D4,D5","DF1501S-T","https://www.lcsc.com/datasheet/lcsc_datasheet_2304140030_Diodes-Incorporated-DF1501S-T_C155338.pdf","RASBB:DF1501ST","","C155338","DF1501S-T"
"D6","S210_R1_00001","https://www.lcsc.com/datasheet/lcsc_datasheet_2009121106_PANJIT-International-S210-R1-00001_C391676.pdf","Diode_SMD:D_SMB","","C391676","S210_R1_00001"
"D7,D13,D14,D15,D16","A-SP192YR6C-C01-4T","https://www.lcsc.com/datasheet/lcsc_datasheet_2302091809_Amicc-A-SP192YR6C-C01-4T_C5355433.pdf","LED_SMD:LED_0603_1608Metric","","C5355433","A-SP192YR6C-C01-4T"
"D8","A-SP192DGHC-C01-4T","https://www.lcsc.com/datasheet/lcsc_datasheet_2311081131_Amicc-A-SP192DGHC-C01-4T_C19171301.pdf","LED_SMD:LED_0603_1608Metric","","C19171301","A-SP192DGHC-C01-4T"
"D9","A-SP192GS1D-C01-4T","https://www.lcsc.com/datasheet/lcsc_datasheet_2302091809_Amicc-A-SP192GS1D-C01-4T_C5355434.pdf","LED_SMD:LED_0603_1608Metric","","C5355434","A-SP192GS1D-C01-4T"
"D10","D5V0F4U6SO-7","https://www.diodes.com//assets/Datasheets/D5V0F4U6SO.pdf","RASBB:SOT95P285X140-6N","","C445539","D5V0F4U6SO-7"
"D11,D12","DT2042-04SO-7","https://componentsearchengine.com/Datasheets/1/DT2042-04SO-7.pdf","RASBB:SOT95P285X140-6N","","C2841428","DT2042-04SO-7"
"F1","Polyfuse 1.5A","~","RASBB:BSMD1812","","C883154",""
"F2","Polyfuse 2A","~","RASBB:BSMD1812","","C960026","BSMD1812-150-33V"
"FB1,FB2,FB3","BLM15BD601SH1D","http://www.murata.com/~/media/webrenewal/support/library/catalog/products/emc/emifil/c31e.ashx?la=en-gb","RASBB:NFZ15SG152SN10B","","C710334","BLM15BD601SH1D "
"IC1","RT6365GSP","https://www.richtek.com/assets/product_file/RT6365/DS6365-02.pdf","RASBB:SOIC127P600X175-9N","","C3024482","RT6365GSP"
"IC2,IC4","TPS56528DDAR","http://www.ti.com/lit/gpn/tps56528","RASBB:SOIC127P600X170-9N","","C138716","TPS56528DDAR"
"IC3","TPS563201DDCR","http://www.ti.com/lit/gpn/tps563201","RASBB:SOT95P280X110-6N","","C116592","TPS563201DDCR"
"IC5,IC7","S25FL128LAGMFI010","http://www.cypress.com/file/316171/download","RASBB:SOIC127P800X216-8N","","C2959152","S25FL128LAGMFI010"
"IC6,IC8","TS3A5018DBQR","http://www.ti.com/lit/ds/symlink/ts3a5018.pdf","RASBB:SOP64P600X175-16N","","C202285","TS3A5018DBQR"
"IC9,IC10","MT41K256M16TW-107_P","https://datasheet.datasheetarchive.com/originals/distributors/DKDS42/DSANUWW0045409.pdf","RASBB:BGA96C80P9X16_800X1400X120","","","MT41K256M16TW-107:P"
"IC11","TPD12S016PWR","http://www.ti.com/lit/ds/symlink/tpd12s016.pdf","RASBB:SOP65P640X120-24N","","C201665","TPD12S016PWR"
"IC12","STM32H743VGT6","https://www.lcsc.com/datasheet/lcsc_datasheet_2304140030_STMicroelectronics-STM32H743VGT6_C730183.pdf","RASBB:QFP50P1600X1600X160-100N","","C730183","STM32H743VGT6"
"IC13","SX1280IMLTRT","https://datasheet.datasheetarchive.com/originals/distributors/DKDS-37/728740.pdf","RASBB:QFN50P400X400X100-25N-D","","C125969","SX1280IMLTRT"
"IC14","LAN8742AI-CZ-TR","https://www.lcsc.com/datasheet/lcsc_datasheet_2410010203_Microchip-Tech-LAN8742AI-CZ-TR_C621425.pdf","RASBB:QFN50P400X400X100-25N-D","","C621425","LAN8742AI-CZ-TR"
"J1","PJ-002AH-SMT-TR","https://www.lcsc.com/datasheet/lcsc_datasheet_2410010333_CUI-PJ-002AH-SMT-TR_C22434687.pdf","RASBB:CUI_PJ-002AH-SMT-TR","","C22434687","PJ-002AH-SMT-TR"
"J2,J14","HR911196AE","https://www.lcsc.com/datasheet/lcsc_datasheet_2407021511_HANRUN-Zhongshan-HanRun-Elec-HR911196AE_C5149194.pdf","RASBB:JK00229NL","","C5149194",""
"J3","HDMI-001A","","RASBB:HDMI-001A","","C41347845","HDMI-001A"
"J4","X3157WS-98-9TV30","https://www.lcsc.com/datasheet/lcsc_datasheet_2305061718_XKB-Connection-X3157WS-98-9TV30_C5711253.pdf","RASBB:SAMTEC_PCIE-098-02-X-D-EMS3","","C5711253","X3157WS-98-9TV30"
"J5,J6","Conn_02x10_Odd_Even","~","Connector_PinHeader_1.00mm:PinHeader_2x10_P1.00mm_Vertical_SMD","","C59981","1.27-2*10P"
"J7","USB_C_Receptacle","https://www.lcsc.com/datasheet/lcsc_datasheet_2111231930_SHOU-HAN-TYPE-C-16PIN-2MD-073_C2765186.pdf","Connector_USB:USB_C_Receptacle_Palconn_UTC16-G","","C2765186","TYPE-C 16PIN 2MD(073)"
"J8,J10","ZX-PZ1.27-2-5PWZ","https://www.lcsc.com/datasheet/lcsc_datasheet_2408280907_Megastar-ZX-PZ1-27-2-5PWZ_C41370773.pdf","Connector_PinHeader_1.27mm:PinHeader_2x05_P1.27mm_Vertical_SMD","","C41370773","ZX-PZ1.27-2-5PWZ "
"J9","KF2EDGR-3.5-2P","https://www.lcsc.com/datasheet/lcsc_datasheet_2303311930_Cixi-Kefa-Elec-KF2EDGR-3-5-2P_C441171.pdf","RASBB:SHDRRA2W80P0X350_1X2_1050X920X750P","","C441171","KF2EDGR-3.5-2P"
"J11","Conn_Coaxial","~","Connector_Coaxial:U.FL_Hirose_U.FL-R-SMT-1_Vertical","","C22418213","CONUFL001-SMD-T or similar"
"J12","AudioJack4","~","RASBB:FC68128","","C7501803","HC-PJ-313E8-B-SMT"
"J13,J15","Conn_01x06_Socket","https://www.lcsc.com/datasheet/lcsc_datasheet_2408280907_Megastar-ZX-PZ1-27-2-3PWZ_C41370771.pdf","Connector_PinHeader_1.27mm:PinHeader_2x03_P1.27mm_Vertical_SMD","","C41370771","ZX-PZ1.27-2-3PWZ"
"J16,J18","Conn_01x02_Pin","~","Connector_PinHeader_2.00mm:PinHeader_1x02_P2.00mm_Vertical","DNP","",""
"L1","10uH","https://www.lcsc.com/datasheet/lcsc_datasheet_2304140030_Sumida-0630CDMCDDS-100MC_C2595948.pdf","RASBB:0630CDMCDDS-100MC","","C2595948","0630CDMCDDS-100MC "
"L2","15uH","https://www.lcsc.com/datasheet/lcsc_datasheet_2108131730_SXN-Shun-Xiang-Nuo-Elec-SMDRS6028-150N_C163563.pdf","RASBB:SMDRS6028-150N","","C163563","SMDRS6028-150N "
"L3","360nH","https://www.lcsc.com/datasheet/lcsc_datasheet_2312131902_Vishay-Intertech-IHLP4040DZERR36M01_C845083.pdf","RASBB:INDPM109103X400N","","C845083","IHLP4040DZERR36M01"
"L4,L5,L6","2.2uH","https://www.lcsc.com/datasheet/lcsc_datasheet_2203301630_Vishay-Intertech-IHLP2525EZER2R2M01_C845037.pdf","RASBB:IND_IHLP-2525CZ_VIS","","C845037","IHLP2525EZER2R2M01"
"L7","2.2uH","~","Inductor_SMD:L_1206_3216Metric","","C486337","microgate MGFL3216F2R2MT-LF"
"L8,L11","BLM41PG102SN1L","https://www.lcsc.com/datasheet/lcsc_datasheet_1808132354_Murata-Electronics-BLM41PG102SN1L_C88999.pdf","RASBB:IND_BLM41_1806_MUR-M","","C88999","BLM41PG102SN1L"
"L9","3nH","https://www.lcsc.com/datasheet/lcsc_datasheet_2410010232_TDK-MHQ1005P3N0BT000_C433005.pdf","Inductor_SMD:L_0402_1005Metric","","C433005","MHQ1005P3N0BT000"
"L10","2.5nH","https://www.lcsc.com/datasheet/lcsc_datasheet_2302231208_FH--Guangdong-Fenghua-Advanced-Tech-FHW0402UC2N5KST_C317668.pdf","Inductor_SMD:L_0402_1005Metric","","C317668","FHW0402UC2N5KST"
"Q1","DMN6075S","http://www.diodes.com/assets/Datasheets/DMN6075S.pdf","Package_TO_SOT_SMD:SOT-23","","C5122015","DMN6075S "
"R1,R2,R3,R4,R6,R7,R8,R11,R12,R13,R14,R15,R16,R22,R72,R73,R139,R140,R141,R142,R157,R158,R159,R166,R167","49.9","~","Resistor_SMD:R_0402_1005Metric","","C4229190","RMCF0402FT49R9"
"R9,R10,R57,R58,R59,R60,R61,R62,R74,R76,R101,R114,R115,R116,R117,R118,R119,R120","4.7K","https://www.lcsc.com/datasheet/lcsc_datasheet_2304140030_Walsin-Tech-Corp-WR04X4701FTL_C163826.pdf","Resistor_SMD:R_0402_1005Metric","","C163826","WR04X4701FTL"
"R17,R18,R19,R20,R23,R24,R99,R100","22","~","Resistor_SMD:R_0402_1005Metric","","C163821","WR04X22R0FTL"
"R21,R63,R64,R65,R66,R68,R69,R70,R71,R87,R93,R152,R153,R154,R155,R160,R161,R162,R163","100","~","Resistor_SMD:R_0402_1005Metric","","C163808","WR04X1000FTL"
"R25","24.9K","https://www.lcsc.com/datasheet/lcsc_datasheet_2304140030_Walsin-Tech-Corp-WR12X2492FTL_C171074.pdf","Resistor_SMD:R_1206_3216Metric","","C171074 ","WR12X2492FTL"
"R26","249K","https://www.lcsc.com/datasheet/lcsc_datasheet_2304140030_Walsin-Tech-Corp-WR08X2493FTL_C170853.pdf","Resistor_SMD:R_0805_2012Metric","","C170853","WR08X2493FTL"
"R27,R123","51K","https://www.lcsc.com/datasheet/lcsc_datasheet_2304140030_Walsin-Tech-Corp-WR06X5102FTL_C163933.pdf","Resistor_SMD:R_0603_1608Metric","","C227390","WR06X5102FTL "
"R28","590K","https://www.lcsc.com/datasheet/lcsc_datasheet_2304140030_Walsin-Tech-Corp-WR04X5903FTL_C172103.pdf","Resistor_SMD:R_0402_1005Metric","","C172103","WR04X5903FTL"
"R29,R30","18K","https://www.lcsc.com/datasheet/lcsc_datasheet_2304140030_Walsin-Tech-Corp-WR04X1802FTL_C168206.pdf","Resistor_SMD:R_0402_1005Metric","","C168206","WR04X1802FTL"
"R31,R32,R44","3.3","-- mixed values --","Resistor_SMD:R_0402_1005Metric","","C384380","CRCW04023R30FKEDC"
"R33","180K","https://www.lcsc.com/datasheet/lcsc_datasheet_2304140030_Walsin-Tech-Corp-WR04X1803FTL_C168207.pdf","Resistor_SMD:R_0402_1005Metric","","C168207","WR04X1803FTL"
"R34","12K","https://www.lcsc.com/datasheet/lcsc_datasheet_2204082130_Walsin-Tech-Corp-SR04X1202FTL_C2991361.pdf","Resistor_SMD:R_0402_1005Metric","","C2991361","SR04X1202FTL"
"R35,R41,R42,R43,R49,R125,R126","100K","https://www.lcsc.com/datasheet/lcsc_datasheet_2304140030_YAGEO-RC0402FR-07100KL_C60491.pdf","Resistor_SMD:R_0402_1005Metric","","C60491","RC0402FR-07100KL "
"R36","562K","https://www.lcsc.com/datasheet/lcsc_datasheet_2312131152_Vishay-Intertech-CRCW0402562KFKED_C4323390.pdf","Resistor_SMD:R_0402_1005Metric","","C4323390 ","CRCW0402562KFKED"
"R37","86.6K","https://www.lcsc.com/datasheet/lcsc_datasheet_2108140230_Vishay-Intertech-CRCW040286K6FKED_C843908.pdf","Resistor_SMD:R_0402_1005Metric","","C843908","CRCW040286K6FKED"
"R38","5.49K","https://www.lcsc.com/datasheet/lcsc_datasheet_2304140030_Vishay-Intertech-CRCW04025K49FKED_C2092200.pdf","Resistor_SMD:R_0402_1005Metric","","C2092200","CRCW04025K49FKED"
"R39","2.32K","https://www.lcsc.com/datasheet/lcsc_datasheet_2304140030_Vishay-Intertech-CRCW04022K32FKED_C2091739.pdf","Resistor_SMD:R_0402_1005Metric","","C2091739","CRCW04022K32FKED"
"R40","3.48K","https://www.lcsc.com/datasheet/lcsc_datasheet_2312131159_Vishay-Intertech-CRCW04023K48FKED_C4336043.pdf","Resistor_SMD:R_0402_1005Metric","","C4336043","CRCW04023K48FKED"
"R45","11K","https://www.lcsc.com/datasheet/lcsc_datasheet_2304140030_Walsin-Tech-Corp-WR04X113JTL_C172152.pdf","Resistor_SMD:R_0402_1005Metric","","C172152","WR04X113JTL"
"R46","2.1K","https://www.lcsc.com/datasheet/lcsc_datasheet_2304140030_Walsin-Tech-Corp-WR04X2101FTL_C170256.pdf","Resistor_SMD:R_0402_1005Metric","","C170256","WR04X2101FTL"
"R47","7.68k","https://www.lcsc.com/datasheet/lcsc_datasheet_2304140030_Walsin-Tech-Corp-WR04X7681FTL_C334733.pdf","Resistor_SMD:R_0402_1005Metric","","C334733","WR04X7681FTL"
"R48,R67,R96,R104,R105,R106,R111,R112,R113,R124,R132,R133,R135,R137,R156,R164","10K","https://www.lcsc.com/datasheet/lcsc_datasheet_2304140030_Walsin-Tech-Corp-WR04X1002FTL_C163810.pdf","Resistor_SMD:R_0402_1005Metric","","C163810","WR04X1002FTL "
"R50,R52","49.9K","https://www.lcsc.com/datasheet/lcsc_datasheet_1912111437_Vishay-Intertech-CRCW040249K9FKED_C350874.pdf","Resistor_SMD:R_0402_1005Metric","","C350874","CRCW040249K9FKED"
"R51","226K","","Resistor_SMD:R_0402_1005Metric","","C2076623","CRCW0402226KFKED"
"R53,R55,R85,R86,R91,R92","4K7","~","Resistor_SMD:R_0402_1005Metric","","C105871","RC0402FR-074K7L "
"R75,R88,R89,R94,R95","1K","https://www.lcsc.com/datasheet/lcsc_datasheet_2304140030_Walsin-Tech-Corp-MR04X1001FTL_C327796.pdf","Resistor_SMD:R_0402_1005Metric","","C327796","MR04X1001FTL"
"R77,R136","1.5K","https://www.lcsc.com/datasheet/lcsc_datasheet_2304140030_Walsin-Tech-Corp-WR04X152JTL_C384376.pdf","Resistor_SMD:R_0402_1005Metric","","C384376","WR04X152JTL"
"R78,R79,R80,R81,R144,R145","75","~","Resistor_SMD:R_0603_1608Metric","","C2074227","ESR03EZPF75R0"
"R82,R83,R109,R110,R150,R151","270","~","Resistor_SMD:R_0402_1005Metric","","C880838","SR04X271JTL"
"R84,R90","240","~","Resistor_SMD:R_0402_1005Metric","","C728568","RT0402BRE07240RL "
"R97,R98","5.1K","~","Resistor_SMD:R_0402_1005Metric","","C384321","WR04X512JTL"
"R102","0","~","Resistor_SMD:R_0402_1005Metric","","C396825","MR04X000PTL"
"R108","680","~","Resistor_SMD:R_0402_1005Metric","","C384311","WR04X681JTL"
"R121","1.2K","https://www.lcsc.com/datasheet/lcsc_datasheet_2304140030_Walsin-Tech-Corp-WR04X1201FTL_C168197.pdf","Resistor_SMD:R_0402_1005Metric","","C168197","WR04X1201FTL"
"R122","10","https://www.lcsc.com/datasheet/lcsc_datasheet_2411221126_UNI-ROYAL-Uniroyal-Elec-0402WGF100JTCE_C25077.pdf","Resistor_SMD:R_0402_1005Metric","","C25077","0402WGF100JTCE"
"R127","5.6K","https://www.lcsc.com/datasheet/lcsc_datasheet_2304140030_Walsin-Tech-Corp-WR04X1002FTL_C163810.pdf","Resistor_SMD:R_0402_1005Metric","","C163810","WR04X1002FTL "
"R134","12.1K","~","Resistor_SMD:R_0402_1005Metric","","C168199","WR04X1212FTL"
"R143","0","~","Resistor_SMD:R_0603_1608Metric","","C2094997","RCS06030000Z0EC"
"R168,R169,R170,R172","1k","~","Resistor_SMD:R_0402_1005Metric","","C384311","WR04X681JTL"
"S1,S2,S3","B3FS-1002P","","RASBB:B3FS-1000P","","C271750","B3FS-1002P"
"TP1,TP2,TP3,TP4,TP5,TP6,TP7,TP8,TP9,TP10,TP11,TP12,TP13,TP14,TP15,TP16,TP17,TP18,TP19,TP20,TP21,TP22","TestPoint","~","TestPoint:TestPoint_Pad_D1.0mm","DNP","",""
"TP23","125M","~","TestPoint:TestPoint_Pad_D1.0mm","DNP","",""
"U1","SZMMSZ4702T1G","SZMMSZ4702T1G","RASBB:SOD-123_ONS","","C463904","SZMMSZ4702T1G"
"U2","SI2324DS-T1-GE3","SI2324DS-T1-GE3","RASBB:SOT_4DS-T1-GE3_VIS","","C190351","SI2324DS-T1-GE3 "
"U3","SIC453ED-T1-GE3","SIC453ED-T1-GE3","RASBB:POWERPAK_MLP34-57_VIS","","C5334327","SIC453ED-T1-GE3 "
"U4","JW5026","https://www.lcsc.com/datasheet/lcsc_datasheet_2404111510_JoulWatt-Tech-JW5026_C185109.pdf","Package_TO_SOT_SMD:SOT-23-6","","C185109","JW5026"
"U6","CH340E","https://www.lcsc.com/datasheet/lcsc_datasheet_2403131141_WCH-Jiangsu-Qin-Heng-CH340E_C99652.pdf","Package_SO:MSOP-10-1EP_3x3mm_P0.5mm_EP1.68x1.88mm","","C99652","CH340E"
"U7","AHT20","https://www.lcsc.com/datasheet/lcsc_datasheet_2310231158_Aosong--Guangzhou-Elec-AHT20_C2757850.pdf","RASBB:AHT20","","C2757850","AHT20"
"U8","LM386","https://www.lcsc.com/datasheet/lcsc_datasheet_2004111632_HTC-Korea-TAEJIN-Tech-LM386D_C510560.pdf","Package_SO:SOP-8_3.9x4.9mm_P1.27mm","","C510560","LM386D"
"U9","LM321","http://www.ti.com/lit/ds/symlink/lm321.pdf","Package_TO_SOT_SMD:SOT-23-5","","C280706",""
"U10,U11","XC7A100T-CSG324","","RASBB:BGA324C80P18X18_1500X1500X150","","C1521791","XC7A100T-2CSG324I "
"U12","RTL8211E-VB-CG","RTL8211E-VB-CG","RASBB:QFN48_6X6X0P85_RTK","","C90735","RTL8211E-VB-CG"
"X1,X3,X4","OT2EL4C4JI-111OLP-50M","https://www.lcsc.com/datasheet/lcsc_datasheet_2407310922_YXC-Crystal-Oscillators-OT2EL4C4JI-111OLP-50M_C5203552.pdf","Oscillator:Oscillator_SMD_Abracon_ASE-4Pin_3.2x2.5mm","","C5203552",""
"Y1","X503220MSB2GI","https://www.lcsc.com/datasheet/lcsc_datasheet_2403291504_YXC-Crystal-Oscillators-X503220MSB2GI_C112566.pdf","RASBB:X503220MSB2GI","","C112566","X503220MSB2GI"
"Y2","XC21M4-52.000-F10NNHPL","https://www.lcsc.com/datasheet/lcsc_datasheet_2206091716_HCI-XC21M4-52-000-F10NNHPL_C3034316.pdf","RASBB:XC21M4-52.000-F10NNHPL","","C3034316","XC21M4-52.000-F10NNHPL "
"Y3","25MHz","~","Crystal:Crystal_SMD_3225-4Pin_3.2x2.5mm","","C5280577",""
"Z1","MMSZ5255BT1G","http://www.onsemi.com/pub/Collateral/MMSZ5221BT1-D.PDF","RASBB:SOD3716X135N","","C242284","MMSZ5255BT1G"
