{
    "classes": [
        {
            "name": "DDR3-01",
            "nets": [
                {
                    "name": "/DDR3-01/CK_N",
                    "code": 165,
                    "reference1": "U10",
                    "pad1": "V9",
                    "pin1": "U10.V9",
                    "reference2": "IC9",
                    "pad2": "K7",
                    "pin2": "IC9.K7",
                    "pads": [
                        {
                            "reference": "U10",
                            "pad": "V9",
                            "pin": "U10.V9"
                        },
                        {
                            "reference": "IC9",
                            "pad": "K7",
                            "pin": "IC9.K7"
                        },
                        {
                            "reference": "R87",
                            "pad": "2",
                            "pin": "R87.2"
                        }
                    ],
                    "status": "error",
                    "viacount": 0,
                    "vialength": 0.0,
                    "tracklength": 0.0,
                    "totallength": 0.0
                },
                {
                    "name": "/DDR3-01/CK_P",
                    "code": 157,
                    "reference1": "U10",
                    "pad1": "U9",
                    "pin1": "U10.U9",
                    "reference2": "IC9",
                    "pad2": "J7",
                    "pin2": "IC9.J7",
                    "pads": [
                        {
                            "reference": "U10",
                            "pad": "U9",
                            "pin": "U10.U9"
                        },
                        {
                            "reference": "IC9",
                            "pad": "J7",
                            "pin": "IC9.J7"
                        },
                        {
                            "reference": "R87",
                            "pad": "1",
                            "pin": "R87.1"
                        }
                    ],
                    "status": "done",
                    "viacount": 2,
                    "vialength": 3.126000000000001,
                    "tracklength": 30.700962959570564,
                    "totallength": 33.826962959570565
                },
                {
                    "name": "/DDR3-01/DDR301_A0",
                    "code": 141,
                    "reference1": "U10",
                    "pad1": "R2",
                    "pin1": "U10.R2",
                    "reference2": "IC9",
                    "pad2": "N3",
                    "pin2": "IC9.N3",
                    "pads": [
                        {
                            "reference": "U10",
                            "pad": "R2",
                            "pin": "U10.R2"
                        },
                        {
                            "reference": "IC9",
                            "pad": "N3",
                            "pin": "IC9.N3"
                        }
                    ],
                    "status": "error",
                    "viacount": 0,
                    "vialength": 0.0,
                    "tracklength": 0.0,
                    "totallength": 0.0
                },
                {
                    "name": "/DDR3-01/DDR301_A1",
                    "code": 155,
                    "reference1": "U10",
                    "pad1": "M6",
                    "pin1": "U10.M6",
                    "reference2": "IC9",
                    "pad2": "P7",
                    "pin2": "IC9.P7",
                    "pads": [
                        {
                            "reference": "U10",
                            "pad": "M6",
                            "pin": "U10.M6"
                        },
                        {
                            "reference": "IC9",
                            "pad": "P7",
                            "pin": "IC9.P7"
                        }
                    ],
                    "status": "error",
                    "viacount": 0,
                    "vialength": 0.0,
                    "tracklength": 0.0,
                    "totallength": 0.0
                },
                {
                    "name": "/DDR3-01/DDR301_A10{slash}AP",
                    "code": 152,
                    "reference1": "U10",
                    "pad1": "R6",
                    "pin1": "U10.R6",
                    "reference2": "IC9",
                    "pad2": "L7",
                    "pin2": "IC9.L7",
                    "pads": [
                        {
                            "reference": "U10",
                            "pad": "R6",
                            "pin": "U10.R6"
                        },
                        {
                            "reference": "IC9",
                            "pad": "L7",
                            "pin": "IC9.L7"
                        }
                    ],
                    "status": "done",
                    "viacount": 2,
                    "vialength": 1.8782,
                    "tracklength": 30.745494975581675,
                    "totallength": 32.62369497558168
                },
                {
                    "name": "/DDR3-01/DDR301_A11",
                    "code": 164,
                    "reference1": "U10",
                    "pad1": "U6",
                    "pin1": "U10.U6",
                    "reference2": "IC9",
                    "pad2": "R7",
                    "pin2": "IC9.R7",
                    "pads": [
                        {
                            "reference": "U10",
                            "pad": "U6",
                            "pin": "U10.U6"
                        },
                        {
                            "reference": "IC9",
                            "pad": "R7",
                            "pin": "IC9.R7"
                        }
                    ],
                    "status": "done",
                    "viacount": 2,
                    "vialength": 1.8782,
                    "tracklength": 28.8421229056991,
                    "totallength": 30.7203229056991
                },
                {
                    "name": "/DDR3-01/DDR301_A12{slash}nBC",
                    "code": 176,
                    "reference1": "U10",
                    "pad1": "T6",
                    "pin1": "U10.T6",
                    "reference2": "IC9",
                    "pad2": "N7",
                    "pin2": "IC9.N7",
                    "pads": [
                        {
                            "reference": "U10",
                            "pad": "T6",
                            "pin": "U10.T6"
                        },
                        {
                            "reference": "IC9",
                            "pad": "N7",
                            "pin": "IC9.N7"
                        }
                    ],
                    "status": "done",
                    "viacount": 2,
                    "vialength": 1.8782,
                    "tracklength": 28.106816234384123,
                    "totallength": 29.985016234384123
                },
                {
                    "name": "/DDR3-01/DDR301_A13",
                    "code": 137,
                    "reference1": "U10",
                    "pad1": "T8",
                    "pin1": "U10.T8",
                    "reference2": "IC9",
                    "pad2": "T3",
                    "pin2": "IC9.T3",
                    "pads": [
                        {
                            "reference": "U10",
                            "pad": "T8",
                            "pin": "U10.T8"
                        },
                        {
                            "reference": "IC9",
                            "pad": "T3",
                            "pin": "IC9.T3"
                        }
                    ],
                    "status": "error",
                    "viacount": 0,
                    "vialength": 0.0,
                    "tracklength": 0.0,
                    "totallength": 0.0
                },
                {
                    "name": "/DDR3-01/DDR301_A2",
                    "code": 168,
                    "reference1": "U10",
                    "pad1": "N4",
                    "pin1": "U10.N4",
                    "reference2": "IC9",
                    "pad2": "P3",
                    "pin2": "IC9.P3",
                    "pads": [
                        {
                            "reference": "U10",
                            "pad": "N4",
                            "pin": "U10.N4"
                        },
                        {
                            "reference": "IC9",
                            "pad": "P3",
                            "pin": "IC9.P3"
                        }
                    ],
                    "status": "error",
                    "viacount": 0,
                    "vialength": 0.0,
                    "tracklength": 0.0,
                    "totallength": 0.0
                },
                {
                    "name": "/DDR3-01/DDR301_A3",
                    "code": 187,
                    "reference1": "U10",
                    "pad1": "T1",
                    "pin1": "U10.T1",
                    "reference2": "IC9",
                    "pad2": "N2",
                    "pin2": "IC9.N2",
                    "pads": [
                        {
                            "reference": "U10",
                            "pad": "T1",
                            "pin": "U10.T1"
                        },
                        {
                            "reference": "IC9",
                            "pad": "N2",
                            "pin": "IC9.N2"
                        }
                    ],
                    "status": "done",
                    "viacount": 2,
                    "vialength": 1.2478,
                    "tracklength": 18.588065804367798,
                    "totallength": 19.8358658043678
                },
                {
                    "name": "/DDR3-01/DDR301_A4",
                    "code": 171,
                    "reference1": "U10",
                    "pad1": "N6",
                    "pin1": "U10.N6",
                    "reference2": "IC9",
                    "pad2": "P8",
                    "pin2": "IC9.P8",
                    "pads": [
                        {
                            "reference": "U10",
                            "pad": "N6",
                            "pin": "U10.N6"
                        },
                        {
                            "reference": "IC9",
                            "pad": "P8",
                            "pin": "IC9.P8"
                        }
                    ],
                    "status": "done",
                    "viacount": 2,
                    "vialength": 1.2478,
                    "tracklength": 17.53700114340206,
                    "totallength": 18.78480114340206
                },
                {
                    "name": "/DDR3-01/DDR301_A5",
                    "code": 144,
                    "reference1": "U10",
                    "pad1": "R7",
                    "pin1": "U10.R7",
                    "reference2": "IC9",
                    "pad2": "P2",
                    "pin2": "IC9.P2",
                    "pads": [
                        {
                            "reference": "U10",
                            "pad": "R7",
                            "pin": "U10.R7"
                        },
                        {
                            "reference": "IC9",
                            "pad": "P2",
                            "pin": "IC9.P2"
                        }
                    ],
                    "status": "error",
                    "viacount": 0,
                    "vialength": 0.0,
                    "tracklength": 0.0,
                    "totallength": 0.0
                },
                {
                    "name": "/DDR3-01/DDR301_A6",
                    "code": 166,
                    "reference1": "U10",
                    "pad1": "V6",
                    "pin1": "U10.V6",
                    "reference2": "IC9",
                    "pad2": "R8",
                    "pin2": "IC9.R8",
                    "pads": [
                        {
                            "reference": "U10",
                            "pad": "V6",
                            "pin": "U10.V6"
                        },
                        {
                            "reference": "IC9",
                            "pad": "R8",
                            "pin": "IC9.R8"
                        }
                    ],
                    "status": "error",
                    "viacount": 0,
                    "vialength": 0.0,
                    "tracklength": 0.0,
                    "totallength": 0.0
                },
                {
                    "name": "/DDR3-01/DDR301_A7",
                    "code": 182,
                    "reference1": "U10",
                    "pad1": "U7",
                    "pin1": "U10.U7",
                    "reference2": "IC9",
                    "pad2": "R2",
                    "pin2": "IC9.R2",
                    "pads": [
                        {
                            "reference": "U10",
                            "pad": "U7",
                            "pin": "U10.U7"
                        },
                        {
                            "reference": "IC9",
                            "pad": "R2",
                            "pin": "IC9.R2"
                        }
                    ],
                    "status": "done",
                    "viacount": 2,
                    "vialength": 1.8782,
                    "tracklength": 30.12967019786877,
                    "totallength": 32.00787019786877
                },
                {
                    "name": "/DDR3-01/DDR301_A8",
                    "code": 148,
                    "reference1": "U10",
                    "pad1": "R8",
                    "pin1": "U10.R8",
                    "reference2": "IC9",
                    "pad2": "T8",
                    "pin2": "IC9.T8",
                    "pads": [
                        {
                            "reference": "U10",
                            "pad": "R8",
                            "pin": "U10.R8"
                        },
                        {
                            "reference": "IC9",
                            "pad": "T8",
                            "pin": "IC9.T8"
                        }
                    ],
                    "status": "done",
                    "viacount": 2,
                    "vialength": 1.2478,
                    "tracklength": 20.181240235270426,
                    "totallength": 21.429040235270428
                },
                {
                    "name": "/DDR3-01/DDR301_A9",
                    "code": 177,
                    "reference1": "U10",
                    "pad1": "V7",
                    "pin1": "U10.V7",
                    "reference2": "IC9",
                    "pad2": "R3",
                    "pin2": "IC9.R3",
                    "pads": [
                        {
                            "reference": "U10",
                            "pad": "V7",
                            "pin": "U10.V7"
                        },
                        {
                            "reference": "IC9",
                            "pad": "R3",
                            "pin": "IC9.R3"
                        }
                    ],
                    "status": "done",
                    "viacount": 2,
                    "vialength": 1.8782,
                    "tracklength": 29.483841692671145,
                    "totallength": 31.362041692671145
                },
                {
                    "name": "/DDR3-01/DDR301_BA0",
                    "code": 158,
                    "reference1": "U10",
                    "pad1": "R1",
                    "pin1": "U10.R1",
                    "reference2": "IC9",
                    "pad2": "M2",
                    "pin2": "IC9.M2",
                    "pads": [
                        {
                            "reference": "U10",
                            "pad": "R1",
                            "pin": "U10.R1"
                        },
                        {
                            "reference": "IC9",
                            "pad": "M2",
                            "pin": "IC9.M2"
                        }
                    ],
                    "status": "done",
                    "viacount": 1,
                    "vialength": 1.5630000000000004,
                    "tracklength": 29.57440982689582,
                    "totallength": 31.13740982689582
                },
                {
                    "name": "/DDR3-01/DDR301_BA1",
                    "code": 163,
                    "reference1": "U10",
                    "pad1": "P4",
                    "pin1": "U10.P4",
                    "reference2": "IC9",
                    "pad2": "N8",
                    "pin2": "IC9.N8",
                    "pads": [
                        {
                            "reference": "U10",
                            "pad": "P4",
                            "pin": "U10.P4"
                        },
                        {
                            "reference": "IC9",
                            "pad": "N8",
                            "pin": "IC9.N8"
                        }
                    ],
                    "status": "done",
                    "viacount": 2,
                    "vialength": 3.126000000000001,
                    "tracklength": 27.27350665909292,
                    "totallength": 30.39950665909292
                },
                {
                    "name": "/DDR3-01/DDR301_BA2",
                    "code": 140,
                    "reference1": "U10",
                    "pad1": "P2",
                    "pin1": "U10.P2",
                    "reference2": "IC9",
                    "pad2": "M3",
                    "pin2": "IC9.M3",
                    "pads": [
                        {
                            "reference": "U10",
                            "pad": "P2",
                            "pin": "U10.P2"
                        },
                        {
                            "reference": "IC9",
                            "pad": "M3",
                            "pin": "IC9.M3"
                        }
                    ],
                    "status": "done",
                    "viacount": 0,
                    "vialength": 0.0,
                    "tracklength": 1.8073275605729688,
                    "totallength": 1.8073275605729688
                },
                {
                    "name": "/DDR3-01/DDR301_CLKE",
                    "code": 170,
                    "reference1": "U10",
                    "pad1": "N5",
                    "pin1": "U10.N5",
                    "reference2": "IC9",
                    "pad2": "K9",
                    "pin2": "IC9.K9",
                    "pads": [
                        {
                            "reference": "U10",
                            "pad": "N5",
                            "pin": "U10.N5"
                        },
                        {
                            "reference": "IC9",
                            "pad": "K9",
                            "pin": "IC9.K9"
                        }
                    ],
                    "status": "done",
                    "viacount": 2,
                    "vialength": 3.126000000000001,
                    "tracklength": 14.903567036901027,
                    "totallength": 18.029567036901028
                },
                {
                    "name": "/DDR3-01/DDR301_DQ0",
                    "code": 150,
                    "reference1": "U10",
                    "pad1": "K5",
                    "pin1": "U10.K5",
                    "reference2": "IC9",
                    "pad2": "E3",
                    "pin2": "IC9.E3",
                    "pads": [
                        {
                            "reference": "U10",
                            "pad": "K5",
                            "pin": "U10.K5"
                        },
                        {
                            "reference": "IC9",
                            "pad": "E3",
                            "pin": "IC9.E3"
                        }
                    ],
                    "status": "done",
                    "viacount": 2,
                    "vialength": 1.2478,
                    "tracklength": 22.864428263388646,
                    "totallength": 24.112228263388648
                },
                {
                    "name": "/DDR3-01/DDR301_DQ1",
                    "code": 159,
                    "reference1": "U10",
                    "pad1": "L3",
                    "pin1": "U10.L3",
                    "reference2": "IC9",
                    "pad2": "F7",
                    "pin2": "IC9.F7",
                    "pads": [
                        {
                            "reference": "U10",
                            "pad": "L3",
                            "pin": "U10.L3"
                        },
                        {
                            "reference": "IC9",
                            "pad": "F7",
                            "pin": "IC9.F7"
                        }
                    ],
                    "status": "done",
                    "viacount": 2,
                    "vialength": 1.2478,
                    "tracklength": 18.63394317582222,
                    "totallength": 19.881743175822223
                },
                {
                    "name": "/DDR3-01/DDR301_DQ10",
                    "code": 161,
                    "reference1": "U10",
                    "pad1": "U4",
                    "pin1": "U10.U4",
                    "reference2": "IC9",
                    "pad2": "C8",
                    "pin2": "IC9.C8",
                    "pads": [
                        {
                            "reference": "U10",
                            "pad": "U4",
                            "pin": "U10.U4"
                        },
                        {
                            "reference": "IC9",
                            "pad": "C8",
                            "pin": "IC9.C8"
                        }
                    ],
                    "status": "error",
                    "viacount": 0,
                    "vialength": 0.0,
                    "tracklength": 0.0,
                    "totallength": 0.0
                },
                {
                    "name": "/DDR3-01/DDR301_DQ11",
                    "code": 179,
                    "reference1": "U10",
                    "pad1": "V5",
                    "pin1": "U10.V5",
                    "reference2": "IC9",
                    "pad2": "C2",
                    "pin2": "IC9.C2",
                    "pads": [
                        {
                            "reference": "U10",
                            "pad": "V5",
                            "pin": "U10.V5"
                        },
                        {
                            "reference": "IC9",
                            "pad": "C2",
                            "pin": "IC9.C2"
                        }
                    ],
                    "status": "done",
                    "viacount": 2,
                    "vialength": 1.8782,
                    "tracklength": 21.375855860874257,
                    "totallength": 23.254055860874256
                },
                {
                    "name": "/DDR3-01/DDR301_DQ12",
                    "code": 139,
                    "reference1": "U10",
                    "pad1": "V1",
                    "pin1": "U10.V1",
                    "reference2": "IC9",
                    "pad2": "A7",
                    "pin2": "IC9.A7",
                    "pads": [
                        {
                            "reference": "U10",
                            "pad": "V1",
                            "pin": "U10.V1"
                        },
                        {
                            "reference": "IC9",
                            "pad": "A7",
                            "pin": "IC9.A7"
                        }
                    ],
                    "status": "done",
                    "viacount": 2,
                    "vialength": 1.8782,
                    "tracklength": 23.186958619575027,
                    "totallength": 25.065158619575026
                },
                {
                    "name": "/DDR3-01/DDR301_DQ13",
                    "code": 136,
                    "reference1": "U10",
                    "pad1": "T3",
                    "pin1": "U10.T3",
                    "reference2": "IC9",
                    "pad2": "A2",
                    "pin2": "IC9.A2",
                    "pads": [
                        {
                            "reference": "U10",
                            "pad": "T3",
                            "pin": "U10.T3"
                        },
                        {
                            "reference": "IC9",
                            "pad": "A2",
                            "pin": "IC9.A2"
                        }
                    ],
                    "status": "error",
                    "viacount": 0,
                    "vialength": 0.0,
                    "tracklength": 0.0,
                    "totallength": 0.0
                },
                {
                    "name": "/DDR3-01/DDR301_DQ14",
                    "code": 174,
                    "reference1": "U10",
                    "pad1": "U3",
                    "pin1": "U10.U3",
                    "reference2": "IC9",
                    "pad2": "B8",
                    "pin2": "IC9.B8",
                    "pads": [
                        {
                            "reference": "U10",
                            "pad": "U3",
                            "pin": "U10.U3"
                        },
                        {
                            "reference": "IC9",
                            "pad": "B8",
                            "pin": "IC9.B8"
                        }
                    ],
                    "status": "done",
                    "viacount": 2,
                    "vialength": 1.8782,
                    "tracklength": 22.598696378505394,
                    "totallength": 24.476896378505394
                },
                {
                    "name": "/DDR3-01/DDR301_DQ15",
                    "code": 149,
                    "reference1": "U10",
                    "pad1": "R3",
                    "pin1": "U10.R3",
                    "reference2": "IC9",
                    "pad2": "A3",
                    "pin2": "IC9.A3",
                    "pads": [
                        {
                            "reference": "U10",
                            "pad": "R3",
                            "pin": "U10.R3"
                        },
                        {
                            "reference": "IC9",
                            "pad": "A3",
                            "pin": "IC9.A3"
                        }
                    ],
                    "status": "done",
                    "viacount": 2,
                    "vialength": 1.8782,
                    "tracklength": 22.592525494319354,
                    "totallength": 24.470725494319353
                },
                {
                    "name": "/DDR3-01/DDR301_DQ2",
                    "code": 183,
                    "reference1": "U10",
                    "pad1": "K3",
                    "pin1": "U10.K3",
                    "reference2": "IC9",
                    "pad2": "F2",
                    "pin2": "IC9.F2",
                    "pads": [
                        {
                            "reference": "U10",
                            "pad": "K3",
                            "pin": "U10.K3"
                        },
                        {
                            "reference": "IC9",
                            "pad": "F2",
                            "pin": "IC9.F2"
                        }
                    ],
                    "status": "done",
                    "viacount": 2,
                    "vialength": 1.2478,
                    "tracklength": 23.25987346873379,
                    "totallength": 24.507673468733792
                },
                {
                    "name": "/DDR3-01/DDR301_DQ3",
                    "code": 143,
                    "reference1": "U10",
                    "pad1": "L6",
                    "pin1": "U10.L6",
                    "reference2": "IC9",
                    "pad2": "F8",
                    "pin2": "IC9.F8",
                    "pads": [
                        {
                            "reference": "U10",
                            "pad": "L6",
                            "pin": "U10.L6"
                        },
                        {
                            "reference": "IC9",
                            "pad": "F8",
                            "pin": "IC9.F8"
                        }
                    ],
                    "status": "done",
                    "viacount": 2,
                    "vialength": 1.2478,
                    "tracklength": 21.899068071308537,
                    "totallength": 23.14686807130854
                },
                {
                    "name": "/DDR3-01/DDR301_DQ4",
                    "code": 154,
                    "reference1": "U10",
                    "pad1": "M3",
                    "pin1": "U10.M3",
                    "reference2": "IC9",
                    "pad2": "H3",
                    "pin2": "IC9.H3",
                    "pads": [
                        {
                            "reference": "U10",
                            "pad": "M3",
                            "pin": "U10.M3"
                        },
                        {
                            "reference": "IC9",
                            "pad": "H3",
                            "pin": "IC9.H3"
                        }
                    ],
                    "status": "done",
                    "viacount": 2,
                    "vialength": 1.2478,
                    "tracklength": 23.480698841423838,
                    "totallength": 24.72849884142384
                },
                {
                    "name": "/DDR3-01/DDR301_DQ5",
                    "code": 133,
                    "reference1": "U10",
                    "pad1": "M1",
                    "pin1": "U10.M1",
                    "reference2": "IC9",
                    "pad2": "H8",
                    "pin2": "IC9.H8",
                    "pads": [
                        {
                            "reference": "U10",
                            "pad": "M1",
                            "pin": "U10.M1"
                        },
                        {
                            "reference": "IC9",
                            "pad": "H8",
                            "pin": "IC9.H8"
                        }
                    ],
                    "status": "done",
                    "viacount": 2,
                    "vialength": 1.2478,
                    "tracklength": 21.814478028482817,
                    "totallength": 23.06227802848282
                },
                {
                    "name": "/DDR3-01/DDR301_DQ6",
                    "code": 145,
                    "reference1": "U10",
                    "pad1": "L4",
                    "pin1": "U10.L4",
                    "reference2": "IC9",
                    "pad2": "G2",
                    "pin2": "IC9.G2",
                    "pads": [
                        {
                            "reference": "U10",
                            "pad": "L4",
                            "pin": "U10.L4"
                        },
                        {
                            "reference": "IC9",
                            "pad": "G2",
                            "pin": "IC9.G2"
                        }
                    ],
                    "status": "done",
                    "viacount": 2,
                    "vialength": 1.2478,
                    "tracklength": 22.735493407624627,
                    "totallength": 23.98329340762463
                },
                {
                    "name": "/DDR3-01/DDR301_DQ7",
                    "code": 138,
                    "reference1": "U10",
                    "pad1": "M2",
                    "pin1": "U10.M2",
                    "reference2": "IC9",
                    "pad2": "H7",
                    "pin2": "IC9.H7",
                    "pads": [
                        {
                            "reference": "U10",
                            "pad": "M2",
                            "pin": "U10.M2"
                        },
                        {
                            "reference": "IC9",
                            "pad": "H7",
                            "pin": "IC9.H7"
                        }
                    ],
                    "status": "done",
                    "viacount": 2,
                    "vialength": 1.2478,
                    "tracklength": 22.497929564443332,
                    "totallength": 23.745729564443334
                },
                {
                    "name": "/DDR3-01/DDR301_DQ8",
                    "code": 134,
                    "reference1": "U10",
                    "pad1": "V4",
                    "pin1": "U10.V4",
                    "reference2": "IC9",
                    "pad2": "D7",
                    "pin2": "IC9.D7",
                    "pads": [
                        {
                            "reference": "U10",
                            "pad": "V4",
                            "pin": "U10.V4"
                        },
                        {
                            "reference": "IC9",
                            "pad": "D7",
                            "pin": "IC9.D7"
                        }
                    ],
                    "status": "done",
                    "viacount": 2,
                    "vialength": 1.8782,
                    "tracklength": 22.34009827865493,
                    "totallength": 24.21829827865493
                },
                {
                    "name": "/DDR3-01/DDR301_DQ9",
                    "code": 160,
                    "reference1": "U10",
                    "pad1": "T4",
                    "pin1": "U10.T4",
                    "reference2": "IC9",
                    "pad2": "C3",
                    "pin2": "IC9.C3",
                    "pads": [
                        {
                            "reference": "U10",
                            "pad": "T4",
                            "pin": "U10.T4"
                        },
                        {
                            "reference": "IC9",
                            "pad": "C3",
                            "pin": "IC9.C3"
                        }
                    ],
                    "status": "done",
                    "viacount": 2,
                    "vialength": 1.8782,
                    "tracklength": 22.050360352162595,
                    "totallength": 23.928560352162595
                },
                {
                    "name": "/DDR3-01/DDR301_LDM",
                    "code": 147,
                    "reference1": "U10",
                    "pad1": "L1",
                    "pin1": "U10.L1",
                    "reference2": "IC9",
                    "pad2": "E7",
                    "pin2": "IC9.E7",
                    "pads": [
                        {
                            "reference": "U10",
                            "pad": "L1",
                            "pin": "U10.L1"
                        },
                        {
                            "reference": "IC9",
                            "pad": "E7",
                            "pin": "IC9.E7"
                        }
                    ],
                    "status": "done",
                    "viacount": 0,
                    "vialength": 0.0,
                    "tracklength": 26.000038537687498,
                    "totallength": 26.000038537687498
                },
                {
                    "name": "/DDR3-01/DDR301_LDQS_N",
                    "code": 172,
                    "reference1": "U10",
                    "pad1": "N1",
                    "pin1": "U10.N1",
                    "reference2": "IC9",
                    "pad2": "G3",
                    "pin2": "IC9.G3",
                    "pads": [
                        {
                            "reference": "U10",
                            "pad": "N1",
                            "pin": "U10.N1"
                        },
                        {
                            "reference": "IC9",
                            "pad": "G3",
                            "pin": "IC9.G3"
                        }
                    ],
                    "status": "error",
                    "viacount": 0,
                    "vialength": 0.0,
                    "tracklength": 0.0,
                    "totallength": 0.0
                },
                {
                    "name": "/DDR3-01/DDR301_LDQS_P",
                    "code": 135,
                    "reference1": "U10",
                    "pad1": "N2",
                    "pin1": "U10.N2",
                    "reference2": "IC9",
                    "pad2": "F3",
                    "pin2": "IC9.F3",
                    "pads": [
                        {
                            "reference": "U10",
                            "pad": "N2",
                            "pin": "U10.N2"
                        },
                        {
                            "reference": "IC9",
                            "pad": "F3",
                            "pin": "IC9.F3"
                        }
                    ],
                    "status": "error",
                    "viacount": 0,
                    "vialength": 0.0,
                    "tracklength": 0.0,
                    "totallength": 0.0
                },
                {
                    "name": "/DDR3-01/DDR301_ODT",
                    "code": 146,
                    "reference1": "U10",
                    "pad1": "R5",
                    "pin1": "U10.R5",
                    "reference2": "IC9",
                    "pad2": "K1",
                    "pin2": "IC9.K1",
                    "pads": [
                        {
                            "reference": "U10",
                            "pad": "R5",
                            "pin": "U10.R5"
                        },
                        {
                            "reference": "IC9",
                            "pad": "K1",
                            "pin": "IC9.K1"
                        }
                    ],
                    "status": "done",
                    "viacount": 2,
                    "vialength": 1.2478,
                    "tracklength": 30.106057693168317,
                    "totallength": 31.35385769316832
                },
                {
                    "name": "/DDR3-01/DDR301_UDM",
                    "code": 156,
                    "reference1": "U10",
                    "pad1": "U1",
                    "pin1": "U10.U1",
                    "reference2": "IC9",
                    "pad2": "D3",
                    "pin2": "IC9.D3",
                    "pads": [
                        {
                            "reference": "U10",
                            "pad": "U1",
                            "pin": "U10.U1"
                        },
                        {
                            "reference": "IC9",
                            "pad": "D3",
                            "pin": "IC9.D3"
                        }
                    ],
                    "status": "done",
                    "viacount": 2,
                    "vialength": 1.8782,
                    "tracklength": 23.443686979803708,
                    "totallength": 25.321886979803708
                },
                {
                    "name": "/DDR3-01/DDR301_UDQS_N",
                    "code": 178,
                    "reference1": "U10",
                    "pad1": "U2",
                    "pin1": "U10.U2",
                    "reference2": "IC9",
                    "pad2": "B7",
                    "pin2": "IC9.B7",
                    "pads": [
                        {
                            "reference": "U10",
                            "pad": "U2",
                            "pin": "U10.U2"
                        },
                        {
                            "reference": "IC9",
                            "pad": "B7",
                            "pin": "IC9.B7"
                        }
                    ],
                    "status": "error",
                    "viacount": 0,
                    "vialength": 0.0,
                    "tracklength": 0.0,
                    "totallength": 0.0
                },
                {
                    "name": "/DDR3-01/DDR301_UDQS_P",
                    "code": 184,
                    "reference1": "U10",
                    "pad1": "V2",
                    "pin1": "U10.V2",
                    "reference2": "IC9",
                    "pad2": "C7",
                    "pin2": "IC9.C7",
                    "pads": [
                        {
                            "reference": "U10",
                            "pad": "V2",
                            "pin": "U10.V2"
                        },
                        {
                            "reference": "IC9",
                            "pad": "C7",
                            "pin": "IC9.C7"
                        }
                    ],
                    "status": "error",
                    "viacount": 0,
                    "vialength": 0.0,
                    "tracklength": 0.0,
                    "totallength": 0.0
                },
                {
                    "name": "/DDR3-01/DDR301_nCAS",
                    "code": 142,
                    "reference1": "U10",
                    "pad1": "M4",
                    "pin1": "U10.M4",
                    "reference2": "IC9",
                    "pad2": "K3",
                    "pin2": "IC9.K3",
                    "pads": [
                        {
                            "reference": "U10",
                            "pad": "M4",
                            "pin": "U10.M4"
                        },
                        {
                            "reference": "IC9",
                            "pad": "K3",
                            "pin": "IC9.K3"
                        },
                        {
                            "reference": "R86",
                            "pad": "1",
                            "pin": "R86.1"
                        }
                    ],
                    "status": "done",
                    "viacount": 1,
                    "vialength": 1.5630000000000004,
                    "tracklength": 29.72806221466024,
                    "totallength": 31.29106221466024
                },
                {
                    "name": "/DDR3-01/DDR301_nCS",
                    "code": 185,
                    "reference1": "U10",
                    "pad1": "U8",
                    "pin1": "U10.U8",
                    "reference2": "IC9",
                    "pad2": "L2",
                    "pin2": "IC9.L2",
                    "pads": [
                        {
                            "reference": "U10",
                            "pad": "U8",
                            "pin": "U10.U8"
                        },
                        {
                            "reference": "IC9",
                            "pad": "L2",
                            "pin": "IC9.L2"
                        }
                    ],
                    "status": "done",
                    "viacount": 2,
                    "vialength": 3.126000000000001,
                    "tracklength": 30.621496070814644,
                    "totallength": 33.74749607081464
                },
                {
                    "name": "/DDR3-01/DDR301_nRAS",
                    "code": 151,
                    "reference1": "U10",
                    "pad1": "P3",
                    "pin1": "U10.P3",
                    "reference2": "IC9",
                    "pad2": "J3",
                    "pin2": "IC9.J3",
                    "pads": [
                        {
                            "reference": "U10",
                            "pad": "P3",
                            "pin": "U10.P3"
                        },
                        {
                            "reference": "IC9",
                            "pad": "J3",
                            "pin": "IC9.J3"
                        }
                    ],
                    "status": "done",
                    "viacount": 1,
                    "vialength": 0.9391,
                    "tracklength": 31.106072429198456,
                    "totallength": 32.04517242919846
                },
                {
                    "name": "/DDR3-01/DDR301_nRST",
                    "code": 167,
                    "reference1": "U10",
                    "pad1": "K6",
                    "pin1": "U10.K6",
                    "reference2": "IC9",
                    "pad2": "T2",
                    "pin2": "IC9.T2",
                    "pads": [
                        {
                            "reference": "U10",
                            "pad": "K6",
                            "pin": "U10.K6"
                        },
                        {
                            "reference": "IC9",
                            "pad": "T2",
                            "pin": "IC9.T2"
                        },
                        {
                            "reference": "R85",
                            "pad": "1",
                            "pin": "R85.1"
                        }
                    ],
                    "status": "done",
                    "viacount": 2,
                    "vialength": 1.2478,
                    "tracklength": 46.538793996624975,
                    "totallength": 47.78659399662497
                },
                {
                    "name": "/DDR3-01/DDR301_nWE",
                    "code": 186,
                    "reference1": "U10",
                    "pad1": "P5",
                    "pin1": "U10.P5",
                    "reference2": "IC9",
                    "pad2": "L3",
                    "pin2": "IC9.L3",
                    "pads": [
                        {
                            "reference": "U10",
                            "pad": "P5",
                            "pin": "U10.P5"
                        },
                        {
                            "reference": "IC9",
                            "pad": "L3",
                            "pin": "IC9.L3"
                        }
                    ],
                    "status": "done",
                    "viacount": 2,
                    "vialength": 1.8782,
                    "tracklength": 28.503053079512302,
                    "totallength": 30.3812530795123
                },
                {
                    "name": "/DDR3-01/VREF_DDR3",
                    "code": 39,
                    "reference1": "C84",
                    "pad1": "1",
                    "pin1": "C84.1",
                    "reference2": "IC9",
                    "pad2": "H1",
                    "pin2": "IC9.H1",
                    "pads": [
                        {
                            "reference": "C84",
                            "pad": "1",
                            "pin": "C84.1"
                        },
                        {
                            "reference": "IC9",
                            "pad": "H1",
                            "pin": "IC9.H1"
                        },
                        {
                            "reference": "IC9",
                            "pad": "M8",
                            "pin": "IC9.M8"
                        },
                        {
                            "reference": "R88",
                            "pad": "2",
                            "pin": "R88.2"
                        },
                        {
                            "reference": "C77",
                            "pad": "1",
                            "pin": "C77.1"
                        },
                        {
                            "reference": "R89",
                            "pad": "1",
                            "pin": "R89.1"
                        },
                        {
                            "reference": "C76",
                            "pad": "1",
                            "pin": "C76.1"
                        }
                    ],
                    "status": "error",
                    "viacount": 0,
                    "vialength": 0.0,
                    "tracklength": 0.0,
                    "totallength": 0.0
                }
            ]
        },
        {
            "name": "DP100_CP_L1-8",
            "nets": [
                {
                    "name": "/Ethernet_uC/RX_N",
                    "code": 66,
                    "reference1": "J14",
                    "pad1": "10",
                    "pin1": "J14.10",
                    "reference2": "C178",
                    "pad2": "1",
                    "pin2": "C178.1",
                    "pads": [
                        {
                            "reference": "J14",
                            "pad": "10",
                            "pin": "J14.10"
                        },
                        {
                            "reference": "C178",
                            "pad": "1",
                            "pin": "C178.1"
                        },
                        {
                            "reference": "R140",
                            "pad": "1",
                            "pin": "R140.1"
                        },
                        {
                            "reference": "IC14",
                            "pad": "22",
                            "pin": "IC14.22"
                        },
                        {
                            "reference": "D10",
                            "pad": "3",
                            "pin": "D10.3"
                        }
                    ],
                    "status": "error",
                    "viacount": 0,
                    "vialength": 0.0,
                    "tracklength": 0.0,
                    "totallength": 0.0
                },
                {
                    "name": "/Ethernet_uC/RX_P",
                    "code": 65,
                    "reference1": "J14",
                    "pad1": "11",
                    "pin1": "J14.11",
                    "reference2": "C177",
                    "pad2": "1",
                    "pin2": "C177.1",
                    "pads": [
                        {
                            "reference": "J14",
                            "pad": "11",
                            "pin": "J14.11"
                        },
                        {
                            "reference": "C177",
                            "pad": "1",
                            "pin": "C177.1"
                        },
                        {
                            "reference": "IC14",
                            "pad": "23",
                            "pin": "IC14.23"
                        },
                        {
                            "reference": "R139",
                            "pad": "1",
                            "pin": "R139.1"
                        },
                        {
                            "reference": "D10",
                            "pad": "1",
                            "pin": "D10.1"
                        }
                    ],
                    "status": "error",
                    "viacount": 0,
                    "vialength": 0.0,
                    "tracklength": 0.0,
                    "totallength": 0.0
                }
            ]
        },
        {
            "name": "DP100_NCP_100_L4-5",
            "nets": []
        },
        {
            "name": "DP100_NCP_L1-8",
            "nets": []
        }
    ]
}