<?xml version="1.0" encoding="utf-8"?>
<!--/440938/763899/2.50/4/4/Bridge Rectifier/-->
<quadcept_library>
  <setting unit="mil" />
  <textstyle name="Default" height="47.244094488189" strokewidth="7.8740157480315" charwidth="47.244094488189" />
  <textstyle name="Dimension" height="19.6850393700787" strokewidth="0" charwidth="19.6850393700787" />
  <textstyle name="H127W0635TH00762" height="50" strokewidth="3" charwidth="25" />
  <textstyle name="H15W15TH02" height="59.0551181102362" strokewidth="7.8740157480315" charwidth="59.0551181102362" />
  <padstyle name="r152_120" surface="True" plated="False" isvia="False" nopaste="False" nomask="True" complex="False" holesize="0">
    <padshape layer="TOP" shape="rectangle" width="47.244094488188" height="59.842519685039" />
    <padshape layer="TOP_SOLDER_MASK" shape="rectangle" width="55.11811023622" height="67.71653543307" />
    <padshape layer="TOP_SOLDER_PASTE" shape="rectangle" width="47.244094488188" height="59.842519685039" />
  </padstyle>
  <footprint name="DF1501ST" originx="0" originy="0" pickpointx="0" pickpointy="0">
    <pcbpin number="1" name="1" style="r152_120" originx="102.36220472441" originy="172.04724409449" rotation="0" />
    <pcbpin number="2" name="2" style="r152_120" originx="102.36220472441" originy="-172.04724409449" rotation="0" />
    <pcbpin number="3" name="3" style="r152_120" originx="-102.36220472441" originy="172.04724409449" rotation="0" />
    <pcbpin number="4" name="4" style="r152_120" originx="-102.36220472441" originy="-172.04724409449" rotation="0" />
    <line layer="TOP_ASSEMBLY" originx="-163.77952755905" originy="125" endx="163.77952755905" endy="125" width="7.8740157480314" />
    <line layer="TOP_ASSEMBLY" originx="163.77952755905" originy="125" endx="163.77952755905" endy="-125" width="7.8740157480314" />
    <line layer="TOP_ASSEMBLY" originx="163.77952755905" originy="-125" endx="-163.77952755905" endy="-125" width="7.8740157480314" />
    <line layer="TOP_ASSEMBLY" originx="-163.77952755905" originy="-125" endx="-163.77952755905" endy="125" width="7.8740157480314" />
    <line layer="TOP_SILKSCREEN" originx="-163.77952755905" originy="125" endx="163.77952755905" endy="125" width="3.9370078740157" />
    <line layer="TOP_SILKSCREEN" originx="163.77952755905" originy="125" endx="163.77952755905" endy="-125" width="3.9370078740157" />
    <line layer="TOP_SILKSCREEN" originx="163.77952755905" originy="-125" endx="-163.77952755905" endy="-125" width="3.9370078740157" />
    <line layer="TOP_SILKSCREEN" originx="-163.77952755905" originy="-125" endx="-163.77952755905" endy="125" width="3.9370078740157" />
    <line layer="TOP_PLACE_BOUND" originx="-183.46456692913" originy="221.65354330708" endx="183.46456692913" endy="221.65354330708" width="3.9370078740157" />
    <line layer="TOP_PLACE_BOUND" originx="183.46456692913" originy="221.65354330708" endx="183.46456692913" endy="-221.65354330708" width="3.9370078740157" />
    <line layer="TOP_PLACE_BOUND" originx="183.46456692913" originy="-221.65354330708" endx="-183.46456692913" endy="-221.65354330708" width="3.9370078740157" />
    <line layer="TOP_PLACE_BOUND" originx="-183.46456692913" originy="-221.65354330708" endx="-183.46456692913" endy="221.65354330708" width="3.9370078740157" />
    <line layer="TOP_SILKSCREEN" originx="149.6062992126" originy="177.16535433071" endx="149.6062992126" endy="177.16535433071" width="7.8740157480314" />
    <arc layer="TOP_SILKSCREEN" originx="149.6062992126" originy="173.22834645669" startangle="90.0" sweepangle="180.0" radius="3.9370078740157" width="7.8740157480314" />
    <line layer="TOP_SILKSCREEN" originx="149.6062992126" originy="169.29133858268" endx="149.6062992126" endy="169.29133858268" width="7.8740157480314" />
    <arc layer="TOP_SILKSCREEN" originx="149.6062992126" originy="173.22834645669" startangle="-90.0" sweepangle="180.0" radius="3.9370078740157" width="7.8740157480314" />
  </footprint>
  <symbol name="DF1501S-T" originx="0" originy="0">
    <line originx="200" originy="100" endx="800" endy="100" width="0" />
    <line originx="800" originy="-200" endx="800" endy="100" width="0" />
    <line originx="800" originy="-200" endx="200" endy="-200" width="0" />
    <line originx="200" originy="100" endx="200" endy="-200" width="0" />
    <sympin number="1" originx="800" originy="0" rotation="0" length="100" width="7.8740157480315" flipped="False">
      <text name="pinname" originx="770" originy="0" style="Default" rotation="0" justify="right" flipped="False" hidden="False" data="+" />
      <text name="pindes" originx="860" originy="20" style="Default" rotation="0" justify="lowerleft" flipped="False" hidden="False" data="1" />
    </sympin>
    <sympin number="2" originx="800" originy="-100" rotation="0" length="100" width="7.8740157480315" flipped="False">
      <text name="pinname" originx="770" originy="-100" style="Default" rotation="0" justify="right" flipped="False" hidden="False" data="~_1" />
      <text name="pindes" originx="860" originy="-80" style="Default" rotation="0" justify="lowerleft" flipped="False" hidden="False" data="2" />
    </sympin>
    <sympin number="3" originx="200" originy="0" rotation="180" length="100" width="7.8740157480315" flipped="False">
      <text name="pinname" originx="230" originy="0" style="Default" rotation="0" justify="left" flipped="False" hidden="False" data="-" />
      <text name="pindes" originx="140" originy="20" style="Default" rotation="0" justify="lowerright" flipped="False" hidden="False" data="3" />
    </sympin>
    <sympin number="4" originx="200" originy="-100" rotation="180" length="100" width="7.8740157480315" flipped="False">
      <text name="pinname" originx="230" originy="-100" style="Default" rotation="0" justify="left" flipped="False" hidden="False" data="~_2" />
      <text name="pindes" originx="140" originy="-80" style="Default" rotation="0" justify="lowerright" flipped="False" hidden="False" data="4" />
    </sympin>
  </symbol>
  <component name="DF1501S-T" designatorprefix="BR" height="98.425196850392" footprint="DF1501ST">
    <comppin designator="1" sympin="1" pinswap="0" gateswap="0" gate="1" group="1" side="" type="Any" name="+" />
    <comppin designator="2" sympin="2" pinswap="0" gateswap="0" gate="1" group="1" side="" type="Any" name="~_1" />
    <comppin designator="3" sympin="3" pinswap="0" gateswap="0" gate="1" group="1" side="" type="Any" name="-" />
    <comppin designator="4" sympin="4" pinswap="0" gateswap="0" gate="1" group="1" side="" type="Any" name="~_2" />
    <attached_symbol gate="1" name="DF1501S-T" />
    <pinmap designator="1" footprintpin="1" />
    <pinmap designator="2" footprintpin="2" />
    <pinmap designator="3" footprintpin="3" />
    <pinmap designator="4" footprintpin="4" />
    <text name="Datasheet" originx="0" originy="0" style="Default" rotation="0" justify="" flipped="False" hidden="True" data="https://www.diodes.com/assets/Datasheets/ds17002.pdf" />
    <text name="Description" originx="0" originy="0" style="Default" rotation="0" justify="" flipped="False" hidden="True" data="Diodes Inc DF1501S-T, Bridge Rectifier, 1.5A 100V, 4-Pin DF-S" />
    <text name="Mouser Part Number" originx="0" originy="0" style="Default" rotation="0" justify="" flipped="False" hidden="True" data="621-DF1501ST" />
    <text name="Mouser Price/Stock" originx="0" originy="0" style="Default" rotation="0" justify="" flipped="False" hidden="True" data="https://www.mouser.co.uk/ProductDetail/Diodes-Incorporated/DF1501S-T?qs=G5AQjGfRJcI8zNF7yuFRbQ%3D%3D" />
    <text name="Manufacturer_Name" originx="0" originy="0" style="Default" rotation="0" justify="" flipped="False" hidden="True" data="Diodes Incorporated" />
    <text name="Manufacturer_Part_Number" originx="850" originy="200" style="Default" rotation="0" justify="left" flipped="False" hidden="False" data="DF1501S-T" />
  </component>
</quadcept_library>
